country,1965.0_co2_emission,1966.0_co2_emission,1967.0_co2_emission,1968.0_co2_emission,1969.0_co2_emission,1970.0_co2_emission,1971.0_co2_emission,1972.0_co2_emission,1973.0_co2_emission,1974.0_co2_emission,1975.0_co2_emission,1976.0_co2_emission,1977.0_co2_emission,1978.0_co2_emission,1979.0_co2_emission,1980.0_co2_emission,1981.0_co2_emission,1982.0_co2_emission,1983.0_co2_emission,1984.0_co2_emission,1985.0_co2_emission,1986.0_co2_emission,1987.0_co2_emission,1988.0_co2_emission,1989.0_co2_emission,1990.0_co2_emission,1991.0_co2_emission,1992.0_co2_emission,1993.0_co2_emission,1994.0_co2_emission,1995.0_co2_emission,1996.0_co2_emission,1997.0_co2_emission,1998.0_co2_emission,1999.0_co2_emission,2000.0_co2_emission,2001.0_co2_emission,2002.0_co2_emission,2003.0_co2_emission,2004.0_co2_emission,2005.0_co2_emission,2006.0_co2_emission,2007.0_co2_emission,2008.0_co2_emission,2009.0_co2_emission,2010.0_co2_emission,2011.0_co2_emission,2012.0_co2_emission,2013.0_co2_emission,2014.0_co2_emission,2015.0_co2_emission,2016.0_co2_emission,2017.0_co2_emission,2018.0_co2_emission,2019.0_co2_emission
Canada,260.33255734256073,271.69892860248336,285.5374804228226,308.28420139956256,320.4477410300776,344.9084603415019,351.58665082682785,367.977437071737,386.71705550785566,392.98122210107755,389.6758529595672,409.97831436926566,434.5360467157055,421.0577550748314,427.58078763809317,437.8002136938521,418.4026668743333,405.71874630466243,387.4062853916315,407.27808979144265,402.51650300411814,391.0521416548252,403.87927349007697,434.11415809855265,453.52763526023824,439.50583709771894,422.3614544784286,435.5034872229245,430.9736696037308,445.4020144794455,462.076117506267,471.6225093524034,486.1378350018955,500.05300730740225,506.08301127833784,527.6085624997504,525.5355786303877,536.5020547075092,548.0942423762343,541.746388489423,542.7051278245087,527.6103249328426,551.7009452489681,545.630690941673,503.7640934625829,530.0949310271699,541.0207535043036,526.3129651063864,544.0960668127314,553.4583123467817,546.2333729891045,537.7773582678645,549.10757197421,565.6356790227712,556.1885521674379
Mexico,62.13418850533407,65.056560852215,66.64835292367812,72.17178622836829,79.10762795356823,84.17308578886231,89.46254017934129,99.66826613317815,107.67411302400198,120.8601110786843,131.13146696835977,138.873799481394,146.5312698746033,165.1439961729009,180.23130095976674,198.12508524658816,210.96547200456055,221.33770956953452,217.8277408671416,226.52933765946776,233.89406968821902,230.37212031659064,239.9322348989206,240.95692100416213,253.87150874876556,267.70682412954636,277.1160313763111,279.98892343556207,283.96657351634974,307.6164763583251,294.8601234512523,306.29838923330453,319.9284781529404,337.08941230126305,333.90287674192905,353.84599880701904,352.35077828507934,371.58533060459314,372.86484237119345,390.4261008449039,416.5913998750868,427.3187545669723,429.6006549606112,432.23579381052866,433.5439253947584,442.6110638875942,465.8469046977086,473.97229035678237,472.8391360016054,459.6309514116424,463.121335428783,468.7914758235449,476.94585600997726,466.57562818247436,454.9729185619787
US,3480.084706022452,3675.466374394489,3772.622832640794,3994.225972367014,4170.119294261243,4298.208774787421,4340.724935461638,4564.699478235054,4764.40089966163,4596.3702549723685,4466.2745676989425,4741.8946909304905,4900.330367556506,4863.210023174577,4958.288573273809,4785.714698436482,4638.120434115161,4397.975099471815,4372.541379116256,4574.223474133649,4585.480324778296,4597.656131359851,4748.857987701639,4968.354284600271,5056.914490908484,4969.6204957568125,4922.019613272091,5004.14589628787,5116.911255519621,5195.304797445308,5228.000768571862,5407.870356722908,5483.175360223867,5524.199582067302,5574.136325888812,5740.774377327296,5650.723033563099,5672.395437256042,5737.867206229068,5838.971730484804,5873.133155820586,5795.104560699584,5884.151202981741,5699.1099088917545,5289.137235897246,5485.715925384143,5336.435924910266,5089.974540491144,5249.595898480584,5254.5650963847565,5141.406746426631,5042.43142598572,4983.86971785976,5116.785714545092,4964.693087543445
Total North America,3802.5514518703467,4012.2218638491872,4124.808665987295,4374.681959994945,4569.674663244889,4727.290320917786,4781.774126467807,5032.345181439969,5258.7920681934875,5110.21158815213,4987.0818876268695,5290.74680478115,5481.397684146814,5449.4117744223095,5566.100661871668,5421.639997376922,5267.488572994055,5025.031555346011,4977.77540537503,5208.03090158456,5221.890897470633,5219.080393331267,5392.669496090637,5643.425363702985,5764.313634917488,5676.8331569840775,5621.497099126831,5719.638306946356,5831.851498639701,5948.323288283079,5984.937009529382,6185.791255308615,6289.241673378703,6361.342001675967,6414.122213909079,6622.228938634065,6528.609390478567,6580.482822568144,6658.826290976496,6771.144219819131,6832.429683520181,6750.033640199399,6865.4528031913205,6676.976393643956,6226.445254754588,6458.421920298907,6343.303583112279,6090.259795954313,6266.531101294921,6267.65436014318,6150.761454844518,6049.0002600771295,6009.923145843948,6148.997021750337,5975.854558272861
Argentina,77.34149429004913,79.57954112506657,81.84633125960814,84.2395734922033,86.90291430122741,80.53508406030112,85.25405840628396,86.7419806922113,89.80217098913224,91.7534451505199,87.82025748646731,92.79295756183163,97.40210938426158,97.04093793408481,101.48982992839575,98.18889178674857,93.53045119396465,93.83100170095737,96.13310044830183,92.97715836990312,88.57944168430346,101.76540809439572,106.46535057836864,111.11703762436227,107.56783231902445,101.39539146635883,103.17690976656606,109.67178582805099,109.42680889517403,109.52151380201386,113.04525620900397,123.15629701484556,117.60288348402334,123.40579066603607,123.26404196853916,124.77639554651435,115.96199152409807,110.21990591865907,119.69531643467764,129.97799810662397,138.61461073245724,143.6199090784752,156.75561866588072,160.24973302980672,154.4695883948275,166.00012422564026,168.7469754804421,175.2682592293623,182.76462224135346,182.74549869479264,186.02181801609981,185.7621303367206,182.80782675593525,180.39493005420113,174.87727095957013
Brazil,51.52243442644914,56.16643499105858,58.01158741870785,68.14680646437718,74.25768709208822,83.88067427203178,92.17116117410642,103.54444605976903,123.60984158255233,133.3625546191074,139.22224277264877,149.49503572574807,156.02978890488907,168.39093241776337,176.3810596478918,175.7689009564727,167.31784835281675,167.894335751968,162.70890229101005,169.69501592655888,176.84159349903615,191.7326037145295,197.59970513221114,201.1365933972497,205.10540386314756,196.59057087392702,205.95298171265202,216.31968812656177,227.22833838359517,237.22634323561317,251.65174336718394,270.7857561750674,283.85330143911034,294.39935174009094,297.38636712503074,301.7119497857655,311.01813768000136,311.1035115046335,308.23425254480395,322.8666547096673,329.980407137989,335.417063632642,349.8186905040864,373.0320849821069,350.5023816173988,398.324213024161,423.7616182750846,442.85803122965916,482.87125490273434,503.77977235694715,487.04017827838396,450.367977759895,457.2292888390302,442.2506844781282,441.29991550268886
Chile,16.704365294528134,17.923390655556474,18.252534745405185,18.728528732725863,19.85040706261234,20.933188283161858,22.3880568706,22.373272153600002,21.6033978933,20.7122627392,17.959126213599998,18.9167705317,19.5529140648,20.7866032416,21.5422119312,22.092953377,22.5319362315,19.2147644407,19.4043039019,20.6232446389,20.245290472600004,20.874816525900002,21.593906049000005,25.5248820531,30.77505412,31.68744569619909,32.714439851948875,33.39412177199996,35.6148086588118,38.775735527706395,42.28003784813846,47.65076793847749,54.93688240510348,56.35785855064828,58.340952309418476,56.35388951256913,53.78674772486247,55.28663829604529,55.28895539712216,60.23705759220145,61.534746175657865,65.43809014865438,76.46720154566572,77.40118395821091,74.37201252874209,76.07434408466658,87.00508810414956,89.37845530444292,91.12045892768792,88.41585176598885,88.91933005394512,94.06172207446511,92.38738883756919,94.27408631475583,92.35951547373976
Colombia,21.308531378001824,23.052586739215304,24.36844865194753,25.21409778616887,25.320420938761078,27.662610554449756,26.202925415429604,29.349780427013602,28.591359649080797,32.3046523902424,32.66994637504429,33.79688499374694,34.53684693670138,35.84178878507315,37.624094896027195,37.40738677627141,38.49827205846138,39.95117211877976,42.500596585878824,42.7178349729439,44.02678632185259,43.652324289628446,48.22764508748099,46.406976726806015,48.79964040919519,41.979376780745696,44.57579105305249,52.6775840424539,55.29207047146931,58.32821102696684,58.78166252236647,57.499737832134045,62.53106901503067,63.33051310702337,54.974529537740956,54.920625636148564,52.90574941804139,50.541708038181476,52.36583641078903,51.88613212215553,50.87246637518011,61.259849610056946,60.01118034990137,67.35788625435471,65.15715227607012,72.59882961088992,71.2467941887165,79.71340423697171,83.4516836234459,89.16197530124117,89.76300055869378,95.14178085751008,89.36463716296463,90.0155965437774,100.63319393472868
Ecuador,2.0685126201,2.1505593794,2.3124342583,2.7633608443,2.9319866589000005,3.480899898,3.8028869143000006,3.8394284029,4.3208075135,4.8103891715,4.8339064213,5.620217890099999,6.801588670200001,6.9313611588000015,7.310104592400001,9.1544504425,10.032192733099999,10.9251941391,10.0633096803,10.600992586900004,12.822463053399998,13.0154179094,13.063830577400001,15.609339703099998,15.8111782699,16.608331487300003,18.7324157998,18.793553170699997,18.811483042200003,20.230637706,19.908539240900005,22.499033073500005,25.7008794396,25.6624980141,22.442436835800002,20.265145769000004,20.8734800773,20.279880870407034,20.37445579027951,23.08998027524646,25.221076082757136,26.712739381129868,26.991410978632025,27.468618794281642,27.88809449578393,32.126745667801956,32.84357564833606,34.28490802083232,36.549316050818156,38.464371968976856,37.55044520287701,35.40743401577669,34.319476638512405,36.992530487904325,35.60225955961519
Peru,12.529141818775502,15.395373486722585,15.48857120851244,15.669609125870384,15.653769266916528,16.413504507560106,16.423961628,14.2262462206,16.6410773965,19.6248962181,20.0697637989,20.133854507100004,20.1567249274,19.9056969286,20.6750309211,22.2275339157,22.7767748735,22.5002393526,19.481858673600005,20.262412331100006,19.583881711500002,20.8505800461,22.4758516352,22.236020539800002,19.8451815563,19.555756598400002,18.6274144363,19.244468155400003,19.94649838,21.582956624500003,24.2822855993,25.502873538200003,25.800466663500004,25.390300752100003,25.9180056507,26.046162586100003,24.4055329076,25.09349059179382,24.298160219632027,27.431789306736725,28.56431470279937,27.21408606154599,31.01462384176396,34.37977001247612,34.501500925591486,39.390954692602286,45.63263435597653,45.31504497510568,46.46806511222742,47.18096651966368,50.59859489092859,54.786073610010256,51.58236230914486,53.35760958402977,53.70772986913653
Trinidad & Tobago,7.661722276430947,8.003117554728565,8.471817647077158,8.701190315433733,9.02126470681895,9.718425275835543,9.874246673432584,14.303683522426088,14.17989464034318,13.313601875954236,10.212592138199016,11.707030391959243,11.744944730046479,10.954785790144296,9.14105424499592,8.57272545505862,9.582408169137704,9.918150955639486,8.965905824087336,8.14397088158305,8.399993647837087,9.102778079568807,7.953758386912013,8.326400680839852,8.035670684992605,9.64860700102069,9.079356355375564,10.590977189719025,10.678509256151498,10.151084173082701,11.264360236672236,11.792752793089072,10.800007521478557,10.279453378335832,12.408040793880984,13.202538240082458,14.034537192427745,15.93640634701008,18.116777014253337,19.075971896882827,19.144151283644398,22.26093424619798,24.485394241317504,24.804860938857047,22.969555718639256,25.17310394777179,24.751132732445203,24.741425458082187,26.01963157045719,25.768575206689494,24.341703960097743,22.02799507224732,21.541280304799024,20.39829159448683,20.126354190801152
Venezuela,43.741593930774236,44.034360878939765,45.994829359168,48.95232768645293,49.1021850040062,49.36144939871393,49.542571852941165,52.28628289842184,59.67673902123815,60.83164081399713,62.70732005834718,66.19018512828436,73.91360036014018,75.18777516062018,83.15241035349439,95.36750152859115,99.21972327412112,99.84142202856272,98.37363662882696,98.4707240014911,99.99177676446634,105.75463995439982,101.24808602999569,103.63203781549865,106.40825160303385,112.20272245082054,106.24002939576371,117.54415311510907,114.73610102990995,124.90991070662584,128.1728902724082,119.37104384183827,127.15461671753498,137.88339482419872,132.46236037872023,134.16941960999827,146.94743274545766,148.49711386553304,128.8889641655886,142.02947302947578,146.69971628897449,165.757943224715,164.52071345784975,172.31904922419142,172.87631753006204,167.21946982095673,172.03971243262765,182.0960215203559,176.95358392101988,171.06375227537552,164.3866225961528,151.3894007563168,142.72689587352352,119.57479997852289,102.38554312766385
Central America,12.343178320759696,12.451097745217323,13.118501175678766,13.37920154769828,14.21988948285927,14.70000113155201,15.40497832637934,16.845884170770777,17.682015567806747,17.83201480762051,19.83515492939824,20.302241844136432,20.53816012589105,20.79290494172486,20.818193537059532,19.56257491731598,19.4588657873481,19.448981144162055,19.20475573851115,18.723644636863938,18.74730768740733,18.761251566460704,20.155075547142072,19.52869120265803,20.352870050249532,21.085470271268814,23.09430625124637,26.30683582812062,28.113832519837228,30.794606679156363,34.0694326040222,33.43425816154506,35.99230027474056,41.37806908221626,40.78741092495271,42.734341372803826,45.94231287921655,46.08763588324054,48.21070726263294,49.24072274637295,49.20323564814596,51.88572859422579,54.55028604632268,55.02756503349651,53.87046869465668,54.94887365315438,58.897111694137415,59.98233956702495,60.929540900979205,62.85283429115642,68.90659297415377,71.93172302543061,71.6930174815396,74.9037694395847,78.64244788104884
Other Caribbean,48.75059807246962,50.219581773245466,52.30341331157186,53.41066802440866,56.49632488156118,70.31875066423633,71.46065807361265,76.53827388300509,82.79811308678036,81.99098206529021,79.39102255998324,80.55591236541117,84.7905303116586,86.38018589077544,88.94092772036403,99.24363120814321,99.89765031231691,87.42650711061032,83.70851086530945,88.81712148921122,83.25588187622692,81.35411932311747,85.1285064860659,85.23602335595918,89.71587222581377,89.09611431339839,84.7165529653767,83.28407690603237,84.47093286255246,89.3677778961136,87.24213572692196,88.59128520334454,94.07616686694116,97.0813156395328,90.77160969990591,106.61011251478538,113.88438207755948,113.10633620567972,117.50488309575444,120.51301838503089,120.77332098755194,125.15382925959337,123.80235226221572,116.66853684273438,109.7946829861103,109.05858158782205,110.16093753144128,108.31227658889924,106.20616690263577,105.5443377951442,108.44927955251465,111.59147572180011,108.16560834666181,112.6610699127794,116.27305185983205
Other South America,7.1919442523758565,7.4742518142320655,8.035050296934372,8.268021803269095,8.906381372067976,9.143757222087551,9.839316128436149,11.423886046459456,11.558892725936737,10.471822547061603,11.915844550878937,12.16023225775463,12.844140416991202,14.813776695802199,15.579820198241835,15.162794384470583,14.62307820270501,13.7676545124183,11.974283146141655,11.819056461529009,12.587618607474324,12.635732838410934,12.990227924025483,14.534463306913029,14.833812817059835,14.113767142401194,14.73323854426229,15.417655715415318,16.100022179795815,17.93413971408872,20.39846136255629,20.98461160416316,21.259014211480427,21.835874945774314,23.592780023910333,20.357209246160874,19.73801132011115,19.794335434468927,21.320410331284947,22.85394763133974,23.031065898332763,23.320531948370046,25.112308529458712,27.831801577637098,30.115935040285418,32.08398003875284,31.613515915453235,32.7866352339333,33.2791520564487,33.00320340779934,34.808585089768584,35.89994194953391,37.63094698206662,38.29687683197519,38.96372855873502
Total S. & Cent. America,301.1635166807141,316.45029614338256,328.2035193329113,347.4733858229083,362.66323076781913,386.1483452679301,402.36482146352193,431.47316447717725,470.4643100661706,487.0082623985933,486.63717730476685,511.67132319777244,538.3113488329795,557.0267489449881,582.6547379711703,602.7493447482722,597.4692011889715,584.719423255498,572.5191637838674,582.8511762969842,585.0820353261043,619.4996723419114,636.9019434338019,653.2884664062866,667.2507679187169,653.9635540818404,661.6434361323442,703.2448998495628,720.4194056794972,758.8229170918675,791.0968049894739,821.2684171762047,859.7075880385436,897.0044207000566,882.3485352485997,901.1477898199284,919.4983155466758,915.9469629556526,914.2987186668183,969.2027458017336,993.6391113134903,1048.0407051856066,1093.5297804230945,1136.5410906481536,1096.5176902081673,1172.9992203542197,1226.69909635881,1274.7368013646699,1326.613476209808,1347.9811395837758,1340.7861511736155,1308.3676551797064,1289.4487295317472,1263.1202452201462,1254.8710109175602
Belarus,,,,,,,,,,,,,,,,,,,,,89.61679979667397,102.25790720336639,102.67548942929584,103.38766980796188,99.30986838059052,94.10305590543614,94.63108997745223,87.90083237325949,74.0672164816249,61.883960015837076,53.78608747563835,55.15654592264264,55.8577306613026,54.47792388925994,52.15698985860575,50.99923027404727,48.691082428414944,48.867820183472524,47.742639158018626,54.681697746738394,55.74632228500425,57.88043789536751,56.739514503706054,59.417076743889666,57.12381053178402,60.16406413107826,57.00268963855414,58.50189803326446,58.08108500079614,57.12116384405358,52.9646777828607,53.33610269864658,54.438824463144684,58.403787773504746,59.016660519204635
Austria,39.52864630210105,39.81808547957724,40.11150060491633,43.011884818844564,46.05341569659062,50.71270267715289,53.33181918604825,54.5100495263941,57.90412680019977,55.20529704717283,53.27395221690293,58.03734202939563,53.8395979748197,56.6178620739839,59.12544511536326,57.868448928017465,54.49513103258961,51.86128293769065,51.348275497018854,53.191058969681734,54.25113274538629,53.87832515016563,54.85982320353927,53.376879937981656,53.653593176926286,58.07891754848424,62.993955176671335,57.70355649151684,58.18318451144429,58.693688608215346,61.276149005065086,63.09767133552571,63.68123398724256,63.92389095102525,63.154477108633394,63.65883566747957,68.34226399561605,69.50193152521499,75.15701709340078,73.87166034601239,74.90462953996791,72.81968836960708,69.16189623682665,69.9396381628375,63.73070908181472,67.95220691072399,64.85489186110031,62.47583405169148,63.097038264071344,58.93651990182632,60.947424279828404,61.853488147701455,64.67144935564444,62.8291248706779,64.68674716089718
Belgium,124.71285672724909,118.47594249741687,123.42897304839784,135.09547371253038,144.44671930968343,148.98829728931753,142.06397693347466,149.25909728372204,147.14228141933737,141.363483987978,126.05178191526271,132.05205540316194,131.6109547106377,136.81252724191572,142.24281693320236,136.06540954230508,129.3872773051937,121.93960475216105,109.25991362826792,113.19086582432419,114.22862864526277,113.72138180904057,115.21299789913049,117.18822881690285,119.75067808266014,128.5038435169198,132.93975130269868,130.0988252287401,128.0839765171984,131.99719683266323,130.8072436739662,139.3657616798137,137.97565597340395,142.03051017153683,135.2783068900393,139.05340199042905,139.19330393398405,137.11835920524175,144.1943846428304,142.96816589115863,138.91147215446287,140.96070981976916,140.4230503767692,142.14491196127136,127.49662862945803,136.4089127173326,122.98925095778235,119.03720191814296,120.03180956773598,111.73183476668763,118.28472565005453,120.11576824545566,122.11141668280966,125.0724748425521,124.48223801869054
Bulgaria,36.74421323359999,39.2106661798,45.227863366200005,51.011343779,55.747480970400005,62.3625752123,64.5729362375,66.629984883,68.6370473572,69.8614355813,75.1336771981,75.92364619180002,78.4369300453,82.0952754793,84.9223422343,89.13671640189999,85.4654906675,87.0462766866,85.9801208271,85.0110349488,84.87663543730002,87.89358395220002,87.76049695820002,86.551172154,86.7920731318,74.30402444449805,60.17864748083114,58.356665472578314,60.40780564239882,56.814002058778584,58.783387736350974,57.117615699207335,56.124417016948286,53.918623211027686,46.05511010977202,43.405267749753655,46.809941421868594,44.75334001271891,48.31242994333932,46.46353138890861,48.28704616721947,49.43845264572023,52.71193499915077,50.341479732665434,43.797633267833874,45.82512905389952,50.74303215778606,46.134076929423024,40.9794053278369,43.250596483689755,46.052597813944715,43.18709109574606,45.828083869974314,42.58752507314769,41.025552384842555
Croatia,,,,,,,,,,,,,,,,,,,,,,,,,,21.266847787442938,14.793215202682404,14.491183096446813,15.52462446248689,14.449479017174824,15.108046511598175,15.112327864588412,16.608763333481882,18.87011686241527,18.576019829001858,17.465512496327104,18.42216797275963,19.519079803941224,20.853198095123012,20.12352603569495,20.62734270686417,20.668319819486836,21.86649100021161,20.93033518913435,19.60877605431389,18.84052478992163,18.20248663064711,16.619999412124816,16.110411338117917,15.823614849261139,16.2423031402177,16.687757628770143,17.140426587147086,16.520116487955132,16.598036136030508
Cyprus,1.213839504,1.345540419,1.464236559,1.6310668229999998,1.922657814,2.0436866279999997,2.402040276,2.7420118195,2.9187053657,2.3959778544000003,2.0835467886,2.1215836624,2.5031303762,2.6230971605000004,2.6569444715000006,2.6853939825,2.5429220301,3.0745800172999997,3.2249125898999997,3.2299133708000003,3.5732236264,3.6989548223999997,4.5881583634,4.6684765181,4.742381477000001,4.970187104699999,5.139325695599999,6.0391413599,6.2775457407,6.3086076902000014,6.742839228100001,6.8465889086,6.873752250000001,7.225120451,7.590814725900001,7.9759322397000005,8.0901362011,7.9455695308,8.4931941481,8.277335302900001,9.316718741899999,9.142110267792274,9.322075272826407,9.482366243084433,9.180957256357221,8.839898304954799,8.70295515753606,8.135052481319999,7.2521347043199995,7.325073791405355,7.497763314813031,8.112640748169602,8.309006428080385,8.230032227202003,8.195564722369003
Czech Republic,156.20168212475218,156.96969683183045,153.76442295958697,160.37910451356086,167.23550018699564,172.49766790113478,180.95167308948697,180.69521685944784,180.62779345495002,181.36539365691434,188.12744573722526,193.70364407673037,199.1916056023527,201.4921203436,202.56330970218895,195.1774705648917,194.29158570415512,191.7913020063,191.539326480867,195.82078258795715,193.92222090090002,191.96486687965006,190.63897890169184,190.93485554314697,184.9329327798,155.32997326034845,143.20927806719683,136.636150551077,134.08804948177388,128.6380433763367,130.17884039744962,132.87396276399,127.1577362087761,121.6478157517723,113.92326465483309,124.09705700351346,125.08375575446838,120.7743027220426,123.99718988280581,124.84559689548259,123.42420439822094,125.96634918210563,125.557564404039,120.35190474314463,113.55402970258083,116.52510937797182,113.15288177712333,109.3559078582185,105.09348246586151,102.07473961188902,103.19760349841627,105.00994073944388,103.06254052461841,102.1551915684612,98.77794430298991
Denmark,47.70917456318001,54.28165635604001,54.01827506112,56.09466989236,63.90701053834,67.5316585589,63.1619109242,66.63602744678,64.98134498652,59.20479521464,56.42351873332,62.489240886480005,63.89860946908,65.71736670258001,66.24235309618,66.17768197566001,58.920657940182856,57.39761355906378,54.393063170727885,55.30668212716833,62.66980579374832,63.597478521655624,60.977837778262526,59.66383551358759,53.984502092373695,55.84633940598001,65.52153281648155,59.99400640277383,63.37545635191404,68.18923400716878,65.38009886916473,79.07781210811503,69.16585485751101,64.86152369517946,61.49523122052123,57.525178078943746,57.67969595743263,56.79137194492855,61.99009642846876,56.01021717084478,53.27899657135004,61.67136004919191,56.83839993094509,54.152050163417464,50.55109563084811,51.25808361419648,46.29900336637202,40.901856529805414,43.364154332571815,40.01717037554109,36.73721312100518,37.91063053261907,35.56976192793092,35.92405868964441,33.45346716889971
Estonia,,,,,,,,,,,,,,,,,,,,,38.46102616010096,38.481668135925496,38.96080115194242,37.97104597330941,39.18683709933451,38.30698207803185,34.39408099244915,26.18054520822693,20.67262071684648,20.49609623607377,19.154531675144874,20.11040533253074,19.907803178364023,18.414189832677074,16.846779971215643,17.21270583749904,17.694808603676343,17.66812987169899,19.522198751985954,20.06250457634318,19.51831065113378,19.053162445190573,22.05577910271237,20.99869602743714,18.772448531327832,22.908102834425236,23.871154989124882,23.44980276040898,24.521168405338095,24.159755060160848,22.253554755128437,22.358080545204672,24.215053860119284,26.437701379555534,20.261639054704283
Finland,24.743358154743145,28.085499444619696,28.873744949611496,33.157949866338726,38.857871046613084,43.1720330940338,43.34778968699688,44.833987531,50.47310760100001,46.021633994999995,46.9549066884,53.263952148,52.49997140600001,55.485728462856514,57.409156950603965,57.46554716172076,48.49437435489372,46.96499222317424,45.4942988771009,48.25030026938627,53.354331020614886,53.187919562776585,56.010667067033566,55.25838793135892,55.66428503812778,57.7694036691895,56.920975059020776,54.72593172175196,56.63926883505013,63.13424168439441,58.87843085924242,65.0810923661425,63.17895355517569,60.65140241926565,60.264536637517345,59.66608558964794,64.51872808370645,67.77818788209913,76.13641545889612,69.94604458297134,59.35111473771714,69.56271955657334,67.45669871560007,60.00177230820938,57.43811382217134,65.5382676044511,57.71215159734184,51.514317373835944,52.57397331253464,48.05996050550904,45.15246797274309,48.579214638682814,45.49242735557196,46.79463152984035,42.976555116603095
France,329.4451381405671,330.97057924188357,355.9420859466392,369.28344275931477,404.40839542224614,433.73544393090555,453.56607865457033,477.7897738557424,518.8140510261022,500.48197395755756,457.1168605544508,509.5865439464127,493.07806239393557,497.6549770547996,510.16883328996795,485.0351952119259,441.82549478815673,418.58354967703025,402.80292852688484,387.6950632771489,381.8187799451634,369.9132502080723,362.3745252716674,359.13867059672265,370.4963929575138,367.2421349569293,390.6612661272527,379.44341100438373,362.03150695561817,348.7423412997229,356.16181916411335,372.5345069468372,361.1604262025505,384.86560735363446,384.3651780909871,381.49874957063525,383.40482014684414,380.13302687780214,387.16250678182007,389.1152727971079,389.7787358934446,380.05302545373263,370.47374657544566,369.7536988548982,354.79787024253136,360.3651449400471,334.11190368195895,335.5538324841433,334.87941223343546,301.29578328373725,306.65721397971095,312.10248679692495,318.10517040016464,307.2033985337057,299.2430017407965
Germany,910.4130405953805,901.0362912819855,892.4166440699224,944.7551853316048,1011.9243628102153,1043.3941631608525,1045.1201479539384,1067.3256459037552,1116.4218216258912,1085.322155000852,1025.299044716079,1093.4124330384839,1072.5142878622594,1052.7444838618032,1104.1987482071281,1077.8119452267629,1043.9024090152836,1003.3361743688648,1017.9501590549828,1038.3407820280513,1045.812235423671,1037.2671135768355,1031.4325318938138,1017.0129146483921,1003.8141787940207,1007.6003986387612,969.6968706717512,923.7095928234877,916.2705180847987,896.931372760679,889.4007587148301,914.8450804100643,888.0015601667309,879.0415926472523,855.9173380258012,854.4241837620367,871.6709201788973,859.0525004165087,861.9912032135685,847.526225456765,826.308697266214,843.7887484693425,811.0490864666297,809.3685061587728,753.5870350058477,783.1618039683244,763.6943725895661,772.9826456101698,797.5726421394689,751.0774966637043,755.6268091947335,770.4580629546081,760.9453260888977,731.3191154825787,683.7664771901951
Greece,22.5119749582,23.7304746402,25.962036995,27.2210287127,27.841370412,29.823591901845386,37.22469149709281,41.86002260981854,48.9402203127716,48.25062002964911,56.16988885354941,63.061277003923394,67.12883668585334,65.203777297337,54.08186651753788,52.93883416127979,52.59690022693739,52.58392632316148,54.8455847428937,56.88203482336106,60.22881259056339,60.13326094060102,67.06095066126683,71.65151954130548,78.50023991631589,82.7362626371958,82.29427048586106,84.75232928115011,86.12544949088944,87.49026691669759,89.54276257257064,90.86712277465347,94.22916907464456,99.69215936402458,98.10148344459787,103.69340302330647,105.92061247700214,105.31128902035232,108.5096694928249,108.69523697626609,109.19830090621733,110.19141266245467,114.69934566994174,108.97059927777072,104.24670256068337,96.09550847954063,95.48217905788411,89.7631154386252,81.42384488247083,77.83893894887322,75.2239279871638,72.03501455616878,76.59341085425368,74.35370251653035,71.70000268120995
Hungary,59.50269290108362,59.34833198496516,55.28197111840403,56.42122163674662,59.530733204111876,62.96991841076186,64.08130130218849,65.4433934618037,69.89210189766726,71.709016345712,72.81441645178829,76.0818436477169,80.51463385101246,85.48573247750114,84.38811401443478,83.10360443539247,81.46663165861239,81.57726530574645,77.76210451169744,79.27998415864278,79.52829062898476,77.90993121039605,79.19872706855715,75.05818490043498,71.34009449433225,71.7630941478106,66.5648350169833,61.57932080310606,58.64976312441134,58.36706128419545,58.30483895980839,59.36085694163466,57.37197142150906,57.81182279664185,59.15390868135981,55.38260514431915,57.10641747631611,56.10831780748443,58.566708153410964,57.28282098372357,57.56949645670554,57.403720203250884,55.4054775282679,54.189029112425764,48.034342882136684,48.65118347337551,49.301971524097944,45.06994465304989,42.57828538634803,41.85661927593438,44.30089197234986,45.247965484671056,47.26830699050486,47.452802166064664,47.382278634951746
Iceland,1.4972161402703998,1.6026794123856,1.5459422036064003,1.6548859176096,1.5064288446672003,1.5281973288592003,1.6630349148880001,1.7798646038080006,2.035389279971201,1.9043736110256002,1.7877253714,1.8153756862000001,1.885401919,2.0096835354,1.9956496308,1.8856697134,1.8823878518800001,1.7210865890800005,1.7497981136400003,1.8726362785199997,1.8731135446800002,1.9156359080399998,1.9877853420400005,2.0820165156400003,2.2353480875200007,2.24192660836,2.1248587796800003,2.21684078632,2.3044341322,2.3269232612799997,2.3710629890800003,2.62548392548,2.6008611030799997,2.6076644962400004,2.6459612025200006,2.7810372633200005,2.65343230808,2.7588562489999995,2.793608310185919,2.897181658824846,2.902284088031281,2.9545449871541507,3.0596932719146865,2.7979192155263086,2.613998100261121,2.533216560610865,2.511135175420865,2.5091477171648617,2.669066636233429,2.703771967231249,2.9186815485077067,3.2422122341368595,3.5699490993570415,3.6782497699032515,3.256175422344027
Ireland,19.982601366800004,22.673314217300003,24.6898816783,29.204671778799998,29.1257428231,21.4694847945,22.4409887559,23.235063468299995,24.264502702400005,24.758431814499996,23.237374186000004,23.789936805900005,24.980945264600003,26.216084450000004,28.6860420697,27.372364916200002,26.449154454700004,26.0586322774,25.744902625799995,25.3530760124,26.854816539799998,28.632797381676113,29.743189710799996,29.092108900805535,29.814611587821055,30.9552378551068,31.600483703082585,31.753451312185813,32.21063481654585,33.14596914272585,33.927061539503796,35.65939610346554,37.35415736099465,40.00850893477564,42.12786790708595,43.58848602100042,46.378398589955985,45.667335047852724,45.287093282315375,45.51614271478592,47.66917484748607,47.543380555273615,48.383901818583546,47.89379925136435,42.88728594514018,42.53234219382423,38.60844396132784,38.799261763304436,37.52384442246641,37.25645077778991,38.98262405548973,40.501562976680795,39.377985263324035,39.17566959452158,37.707056954163576
Italy,204.8700062861152,222.68292745881436,246.18019538484745,266.46842683199577,288.2710485384979,320.40764495714797,342.30868395191595,357.7563126855637,374.83207418423825,374.932524307136,368.75282163782674,384.36768948384196,378.7556738789952,377.1578306519373,388.85872086694224,383.1732690698126,374.0567035721199,370.5809847048379,353.12546586365755,355.4520270055599,354.39538271628925,362.54595249334056,378.1589668680882,383.8539636760166,403.21213422740624,396.77860091111745,396.4723237184102,394.5594468507847,390.2062287117093,387.5189804236447,406.6548699444858,402.43141980154996,407.05705899950067,420.4259674750442,423.04640712142395,430.7848175409812,429.4626819136713,431.8767255414797,449.5224367411988,464.9233822941262,466.3826135234634,463.7724885142012,455.47879837321113,442.0255894073573,391.5926138191898,396.4210998869609,386.43669930791685,369.90346438422176,340.4797363618856,317.7197950456864,329.75159330307145,329.94998551675985,333.4322219707053,332.08131290455214,325.3646249008794
Latvia,,,,,,,,,,,,,,,,,,,,,25.224327778951007,23.327720851029188,20.321346759307144,19.414880044219608,18.799167691864305,18.445459632820093,17.58525741023959,12.849427598472566,10.757171256230086,9.873735997065422,9.132063344411296,9.197267328589543,8.309958650659159,8.031263262689835,7.380437834734289,6.946310732883724,7.709674558912037,7.913968469767438,7.883908758282844,8.457696301266713,8.68237080754889,8.444645536209668,8.820523609611437,8.642517016753727,7.93937273214036,9.237763894374975,8.299961009812412,8.023753238908299,7.958432665023018,7.65444344815415,7.846157858758098,8.165613829233136,8.011140132358609,7.98299757170321,8.46427965581725
Lithuania,,,,,,,,,,,,,,,,,,,,,37.431301145422225,33.551654219410686,36.00199906682462,35.38943524616876,36.23243882131128,36.066207574815635,38.96676557055011,20.723024269554276,16.369895914801106,15.443736574000797,14.314780939336586,14.805139075876124,14.086979928892308,14.702197221485179,12.705828965847633,10.88316305305499,12.099853737698808,11.585058623092868,11.75750080052393,12.255415002937252,13.137377980586237,13.390218745524324,13.14854349413053,13.278007625096743,12.029544309386804,13.160514999080004,12.382668099561128,12.433547238995251,11.65896110933307,10.991410201319702,11.274782762868302,11.655940032401725,11.876316572561064,12.296278084323363,12.321714173216439
Luxembourg,13.383890545880002,12.704714322720001,12.405156766440001,13.401969236680001,14.409077660440001,14.927507975900003,14.247451049759999,14.540692411079998,15.21840674148,15.44594702412,12.58563843028,12.465522917960001,11.42921971288,11.87748422848,12.300461433600002,11.401738633659999,9.64013903428,9.03388451028,8.42035946316,9.15963643264,9.401568878760001,9.079951680979999,8.294622049180001,8.496854609700002,9.871475993360002,10.321236517040544,10.985560615970336,10.956053135513757,11.125415027211801,10.563214785738381,8.703755846403737,8.930599897090616,8.548504346964041,8.02524251053779,8.50023187574442,9.037224261205669,9.705767786586826,10.463742034659337,11.009677225628366,12.500873501418447,12.786984146668848,12.494310673043143,12.008025519170504,11.94221707477343,11.362151691241486,11.961087658804328,11.728162397839014,11.41558398460538,10.88228866965056,10.481013966740317,10.148049171972625,9.99697804625993,10.313288150147779,10.758995254327369,10.906397332556022
Netherlands,112.97627449550001,117.76119844460001,122.83207556320001,138.2206632239,149.0947785182,166.94820135620031,171.88264137855126,196.73262378265025,206.2876817483623,189.18192644296155,184.9152243746638,203.4064143641085,200.00996133522608,184.615770274385,191.32975437186113,180.9419538324392,174.01938766095043,168.43762071495695,164.70713596973494,169.7756359514266,172.74908740271155,174.91025256064108,182.46231673783788,187.82461987818448,188.41745835315564,191.87240538613332,199.60804549939002,200.09904956175012,204.98494328911912,202.2145248112705,208.5894539248501,219.55647467022845,217.2373534900782,218.06497651126114,215.10912938601356,216.20043005977402,225.90713854479102,225.96112342603246,225.43817395749363,231.40563210970305,233.0999527173498,231.60085969863925,229.13103175910285,227.22370137187747,217.67901118130644,226.5279314047599,219.4369597918499,212.22045024456966,208.2410400444773,197.58509592171424,206.65290159129017,209.77601192216255,202.8503178621901,198.17547978264994,192.01319397926497
North Macedonia,,,,,,,,,,,,,,,,,,,,,,,,,,8.763039392461781,8.541813246526804,8.74646121358574,9.057007715824982,8.459577817279492,8.441475846905004,9.638839194922319,8.6067229202259,9.928316694094653,9.101027812085546,8.73610036519258,8.816438103220994,8.283913973166978,8.999757217911181,8.725892901512255,9.07020953930837,9.069917003335215,9.531125653455916,9.36330478178871,8.74722396090857,8.526714394010424,9.345372622828354,8.934737383824446,7.944860853001319,7.524600080712382,7.233295547931589,7.0633193555814335,7.543712574332283,7.058902857279859,8.198160728440051
Norway,17.715503066377224,19.41659608910611,19.991695723497667,21.897603054639124,23.961653359777056,26.750024364609697,26.50378252513015,27.905652028660676,28.02219109038261,26.207096856553274,26.887389389646906,29.625132843558823,29.457495245484356,31.274300552717676,32.648015680538855,30.114494303162694,28.504306516724768,27.333742143040425,27.291012761451654,27.316950149626386,28.690106313479294,31.08364656552954,30.205221000409477,29.788178096369705,30.198776137931432,29.003946734947817,27.331699484351592,28.893741616883702,29.778699411972937,31.575705701440114,31.62140041106611,34.278952927605815,35.53554782876187,36.48432384498253,36.162492208342094,33.94516186197356,36.34900524949633,35.677467826056876,37.1472369439752,37.65190105477777,36.6522713358848,36.89894144215959,36.71310631542444,36.111285123721764,36.10512525408122,36.80816752714165,36.30811335434304,36.0404132808343,36.036746008880726,35.386983528444276,35.50468254407835,34.276674605783256,34.105752672966,34.78790156967605,33.57706856965247
Poland,252.9598426593285,257.2456357183454,263.4999192367561,281.55698848201394,299.02279773252826,312.78764278891447,321.8779174219046,339.4188484733011,342.69650154865343,352.11733249691486,380.0564788848148,400.62879651039344,417.37207927401687,437.4698932072394,443.78854797565975,465.8643311813086,419.33077029977517,428.6106481321401,429.6525815662131,447.3111479588095,457.6734359106842,469.3876334321706,485.59970921104707,474.79576396953826,456.63831058802094,373.5005529108946,368.4447410312085,353.12328016245857,352.2357973253232,334.29737054820714,341.33639110362617,355.04890829961045,350.4982106868076,330.8849664111652,323.7838703531613,299.77306404663454,297.85346116273433,294.4166714120098,303.51704511286766,301.90415502879296,307.2494040832511,320.7320364359013,317.49142403346536,319.5253737492016,305.3116828829646,323.8180427518569,324.01162499278956,308.1258549669157,310.39685685548415,293.34357649410265,293.32505570652364,306.03974099688816,315.48848308628334,319.5305906769583,303.89435414238085
Portugal,10.523820748,10.759803920200001,11.6159573909,12.047448490499999,12.380001520499999,14.887478141405001,16.487936820663,17.683563211815002,20.100026229196004,20.995755637280006,21.831668861018,22.840717854593002,22.177952379089998,23.300513958211,24.903998230244,26.336673576084,28.335190264901414,28.383127229106552,29.469298571515075,28.353130146285388,27.399402709823583,30.939384014419765,31.580792613932935,32.5727955905526,40.96698730024656,39.111047849348125,42.09767903768888,46.04001960489434,45.15376258119586,45.627478231337314,52.96975145401043,50.37543421832128,50.94402821667342,56.706994685104895,62.20031029450881,61.34887956915264,60.23093895871798,63.39888238421503,59.92950392226913,62.07412493116083,64.58393685128114,59.622526406214874,58.36726916646458,57.51352687943891,56.94494215073863,51.5241873390231,51.422820570425195,50.71571400312811,49.3312068272119,48.62543362583654,53.072661986834085,52.470637133382674,57.78475748125425,54.63565945211333,51.40852556613172
Romania,68.05232687010238,72.51928533454132,80.73592123939542,86.00887928562182,98.56412203957287,105.00485008272133,110.13900358324,114.56597886869002,125.79055174073,125.97225694701001,136.82971552101003,148.01591472303002,156.23262489473498,169.39946556633,174.23981581987996,174.48270338016005,174.43161284068003,172.40074654762998,174.17976517939,171.79240349658002,172.52036403439,178.01150650798002,186.18617614368003,188.14724967667996,189.41529008398004,178.235405135368,143.3283180018329,125.12644961272946,122.2217219736762,117.86803362573137,127.64986466316185,126.19056137356158,115.06257056168707,101.71943607967295,86.33203555292563,88.85713912497599,90.93928575118241,94.10091203898736,98.20030598732242,99.6323175911787,95.63058372888814,101.32920349960061,97.8266207222978,95.60170422022937,80.57587272678208,78.15184264969977,85.06664683017917,81.69591949812063,69.80809259664284,71.09833037427195,71.87956493760828,69.51030409754159,72.92495212546284,73.23238703882551,70.51374067117176
Slovakia,31.050812229779734,32.07171503332229,32.17276122314547,35.110187241222924,37.022530450901876,39.738938084542376,42.52475037005714,44.31783197294765,45.69995544212108,46.79349154798612,49.003476585805885,50.45722491741945,52.77747260604836,55.50405540943341,56.53988869290001,56.778881602225496,55.879612861295264,55.03497382715518,54.83449338464875,58.76336405941906,58.524200661101005,55.7342249846816,56.83329616766903,57.43245645541682,53.436481084718565,54.83373173150576,48.48424860464026,45.95606973294628,43.23161132467722,40.12919378576908,40.77937163773201,40.91486811568046,39.51206485370823,39.12176598413786,38.25288030588291,36.3349513939047,39.066714694805086,38.55478294679326,39.14634588408416,38.04783544264514,38.9759572283861,37.43512847390886,35.224487882816085,36.41582304978823,33.62354832875665,36.14591027880116,33.69835360531283,32.379054374517054,32.52007127787228,29.98585200959415,30.271790290459396,30.672532448988125,32.84154253645335,32.492226946301926,30.112799523037697
Slovenia,,,,,,,,,,,,,,,,,,,,,,,,,,13.301774120029583,12.48643930617684,12.255031883653006,12.99349013880446,13.121960328324969,13.945019440838005,14.67549279276845,15.23424015423106,14.700414770307981,14.281147789365537,13.998938385921726,14.68780493936182,14.946665428034082,14.778704996253687,15.01437249608314,15.213606367874494,15.643472450327533,15.68910307834089,16.82334750715072,14.974706168200209,15.234683441821698,15.212386342213776,14.697685368249578,14.091213796503073,12.631584425758133,12.699395651632152,13.631422332814122,13.878632644039351,13.93200500203086,13.126356027447478
Spain,80.43310144050001,84.7157565996,95.481917196,99.13607031250001,108.5632699484,121.0578308192,126.779871019,135.54115689580004,155.43569063560003,162.00611518110003,168.38598702370223,185.20100865536833,179.1778935105965,174.13673448794032,186.59617794400003,208.23364135507794,211.94015077013563,208.61308190234473,211.39729121438353,201.849188809222,194.3832132807085,196.91212818837096,203.44374046022483,196.46574981986123,217.19134366387493,214.60966815076364,220.41817187675204,241.05830605812756,226.09080563282131,234.16483211160218,247.95765141404755,244.42569393364968,263.80212627250967,274.3023006181784,298.86273651687077,309.3584260715256,314.2227579757879,332.4577087591546,340.94494239737793,363.71988991533107,377.108749583595,371.6259640815636,382.34600246612644,356.29828817504017,317.38364119845727,301.4538409857792,309.895385225735,308.01580584049333,276.24038770241924,273.57734109370756,289.2482232177793,282.2322791833409,299.7904000467509,293.6326725106444,278.51452935705964
Sweden,68.78263287180023,76.0626032513082,75.18068562889889,83.77081014139391,88.75413704832985,96.91664492562973,89.82031895926542,91.36070031944564,93.0983942814832,86.02213897300165,85.40275206944494,92.94229820680262,89.24360645819138,104.73422007805546,114.44645887942737,100.32408720127523,89.56102393594762,83.44712828349317,73.61005464660252,71.42647743024976,79.22407624934644,84.47937647367975,73.7378333834016,69.14581013719182,66.44899904742695,67.36593292576539,59.691509881715206,61.531674586329245,60.98555298787677,64.23737427467924,61.536373876772366,66.76825073798027,61.25125886223961,68.41137890812017,65.26726012793941,57.73731935354212,59.15861801288648,59.822894398075576,64.22371099488832,61.890803789672404,60.58069580146979,61.87483803815325,58.545925592876586,55.836906350120344,53.20654921270281,56.67594704862787,51.834711232797936,48.93527795680281,47.92163028857666,46.066180047788805,46.46048824165455,46.60382580172361,45.83404918759544,45.04329738583451,46.34072580271037
Switzerland,29.234076969,29.655173336199997,31.343924956000002,34.291209060999996,36.9074888407,40.4144593956,42.0608402186,42.938799388599996,46.19113068490001,41.3311569393,39.8673001412,41.59481585980001,42.1132209581,42.564936726813535,40.98400903120572,41.60924983765611,39.361837517370084,37.234317899153496,40.78024002568358,40.13957473606443,41.26633472453436,44.32264275875329,41.90678208949861,41.72423121312146,40.38710108085821,43.27640443998165,44.172568025306184,44.63750512898096,42.20642585864612,43.441393105498626,40.92424807822375,42.50609411090587,44.20064847192874,44.749610685855,44.160375521693304,43.111886966238316,46.23124157837143,43.94225200928928,43.21283590168039,43.259274873660324,44.215347863019666,44.97552904603931,40.99253661717838,43.76298395580134,44.23886584510206,42.05613722392182,40.05294120762561,41.423466834431004,43.59513783659725,38.71252701384937,39.525967685146114,38.020444285129855,38.819492235798776,37.197966532194314,38.1913054982501
Turkey,25.1395128361,28.955481831800004,29.0774314795,32.271513343500004,35.1577654681,39.2789387474,43.9165040228,48.93099354140001,54.2215442802,56.471648449,60.655266277100004,66.84530669960002,73.1053842963,77.13592140203113,71.66985198539868,74.65557555633374,74.16407305415643,81.40950388633763,87.14071825301117,91.43793000659998,100.39872070714898,109.01708848623483,118.49062026043222,115.8923192675978,129.09092359398622,136.23807009816863,139.62595472856978,143.7307049377058,148.34277590865082,146.98551583690858,161.1171365853059,175.18228471516537,184.99179405733486,186.85727598417776,187.55522078872625,205.68984106091315,186.1019850265332,196.86772975626857,208.88071062472386,216.42866381756323,224.82260505797916,247.98869226059156,272.774135107017,276.3499469646186,275.2868187329585,276.2981459350197,298.83477642708226,314.43541320488674,303.2929464334147,335.1347088584746,340.5706321969894,358.9935757756809,397.10821281240186,392.0698045816003,383.2622222242953
Ukraine,,,,,,,,,,,,,,,,,,,,,694.3995007250583,701.8212098170561,709.9002911048674,686.1814167342486,652.8923731799057,757.6573858765944,694.2211664248766,609.5208540591309,505.985238048954,417.10134019961595,403.2267275696708,361.8005880671681,339.978974022708,333.949872551554,335.81862125466716,335.8189259196088,329.42753571851057,328.17470064051145,334.3019805129355,317.2595008455542,312.0494835971278,322.0859330502874,326.46363885699685,317.25110128204267,271.5116116458335,286.8434733511705,302.93906485581465,297.364040353424,284.7868252380704,244.77813014599636,192.30866415480713,213.22532030903022,185.81374274069202,193.118938716574,185.43550299409247
United Kingdom,688.0969018027492,680.9471664134102,670.0986652691612,689.7440522099621,707.6239280327235,724.5420264715774,697.4294141468728,690.5327891276995,728.6740487707553,675.2383175994707,635.9623141185048,645.7328635929906,654.0374742703498,637.7895863202473,665.2137501121884,606.5308624959608,584.8328964359041,567.2373274035606,562.4484848891095,538.6174030361675,572.6346154170537,590.8046646310202,594.3104893215203,594.2677215423926,584.3034233228794,595.1759928416351,605.4879637475483,588.583695296784,574.6223156982915,561.3588434867299,558.8097657522935,579.3825395754161,559.85797538085,560.7545529470128,551.2197401433283,566.3591006257524,577.4286521266688,557.8865588997634,567.8904815173182,573.434373126402,579.3598250645834,581.9272730702816,570.5417251791837,560.9202624888806,513.5058742725447,530.0843072845803,495.592026136607,512.0896128221879,500.0335446446973,458.0750964592964,439.7286882548375,415.7919382830796,404.1198173102447,396.8889888267608,387.0921723248568
Other Europe,50.38414631878954,51.833528571705706,50.517342555521076,54.88685631986849,56.09182143338528,62.22831986421586,73.32565462919678,74.00669379438645,78.40031223891005,83.85413890019751,86.37812213071294,91.5216381213157,95.82669216920561,104.38762761779157,113.33045934960978,107.75824137611077,114.47055245351403,118.48526337939329,127.62970206812538,134.56987916449813,169.81151243079105,175.77834757034444,171.68356924174336,177.7061400623291,172.59692223636307,131.57875552648073,109.60791697384411,96.24667232345243,83.6345749598066,65.43014299011391,68.90767615031152,72.43873038438689,82.38761859781239,85.18185463070184,73.21058082208734,84.13350193251199,88.8508956149598,94.43295851457324,101.24600768450814,107.12350782960395,103.86825682150818,108.25847573649942,109.67131071058783,110.7275782723457,111.19949253980359,112.86083849569678,120.92198246923205,112.81856562554007,113.03978948117478,102.61577208175225,111.90633054435571,116.98453629417773,120.63645805540322,121.47692295084738,138.59659679352632
Total Europe,3427.809283851949,3474.880344312678,3543.8612281739674,3757.7346067772082,4008.33210967102,4226.119928863628,4293.233159509243,4438.972775755111,4667.7210034467225,4544.414435398733,4441.988294856809,4720.984219277387,4723.79971855027,4761.50705662319,4915.531532606363,4800.929985623223,4600.24867424794,4500.178637287003,4466.781992503567,4489.388963059391,5397.580204088828,5453.903553295077,5509.9252437510095,5458.747883511277,5445.007755122834,5453.051191415631,5306.59148976384,5072.318419177382,4890.82827262987,4725.137478811264,4782.63564987944,4883.123824381127,4808.495951993984,4828.573260714555,4758.446613175135,4790.483623763658,4847.219854556604,4841.646314999617,4970.998180860319,4989.31107563118,4984.51675722671,5060.388158649126,5019.230475507324,4936.930171697987,4573.516275366404,4681.226071374731,4603.658470965035,4543.970357586084,4437.930442109728,4205.396201086442,4209.484727932704,4262.462997574943,4305.4336054860405,4246.127123377538,4110.847006954475
Azerbaijan,,,,,,,,,,,,,,,,,,,,,50.36169556949898,54.188596623482624,52.181205446019206,52.14162852802063,52.84959461338672,54.329931596667166,51.95495457683801,44.032080615361934,41.458812238320355,37.850085486930084,35.82723338253805,29.260502233561944,27.856449562516815,27.837569762448677,27.230895673016814,28.424276235132744,26.154664154207964,25.877890386170794,27.939360138236285,30.815058895201812,33.505727021163835,33.228728070116,29.94198063941179,29.542258551807123,25.915310374757755,24.86111512109124,28.5257304198744,29.555602984460165,30.243261517319073,31.041123488455813,33.61525113073409,33.13854828925204,32.123523082562585,32.77651351900035,34.89086010475241
Kazakhstan,,,,,,,,,,,,,,,,,,,,,231.17781802240688,236.3560921106619,240.9739255609761,248.64756211853657,242.09192626344856,240.6025743949056,238.26633253274053,236.30811776138415,208.5457811314709,192.75216766660878,168.86741510704854,146.98205980409944,129.93578676273737,122.95001177743846,114.1529308046804,102.45479189760565,118.74718385614327,121.17936575589934,133.81194331137294,143.64609010482206,148.5765228071503,157.6196344019133,173.29693853379877,189.02996474599638,170.91014410688982,183.8570669831321,202.4545431131864,209.6795584086826,210.98959132994443,212.49456035118214,207.5108209421284,208.4907614536085,219.39786658101448,243.82288730975094,239.89037922223972
Russian Federation,,,,,,,,,,,,,,,,,,,,,2172.398464064604,2210.80463524265,2268.329221989152,2291.7628691260993,2290.0754459966365,2233.9204564255247,2167.9202610284437,2072.5627482869922,1895.2088808630936,1726.2769566106163,1616.4116148649928,1562.9339858663425,1463.6478691979667,1445.3019125925211,1445.8130891433511,1452.7657850288597,1466.0699038964892,1465.7370855803874,1494.6785591247196,1489.8293896894372,1465.9320033850024,1534.358626304027,1527.5611284256731,1553.7656991535212,1445.0396345669074,1492.1761303720534,1555.8261364878736,1569.0521419988095,1527.6904388291723,1530.7597970908025,1490.9672051776727,1504.8048994451015,1486.8514345125352,1548.41182789602,1532.5626068322122
Turkmenistan,,,,,,,,,,,,,,,,,,,,,33.19409037657163,39.23276507567218,39.039417830169626,39.2015751924942,40.25990185390339,34.7426645680918,35.93646383379951,34.123747324129205,26.7307569760292,28.36224429843717,23.552015742018583,33.8001435297,26.257604762000003,32.722250666200004,31.5850544579,26.8989844549,33.0857323573,28.671231295800006,38.8920533141,38.5487146619,39.0538246771,39.3794194207,38.453185361600006,32.2638407602,50.3320846004,54.306823690709024,59.92970272857384,65.16784760733225,58.29143197348363,60.459630300031,71.53786588606594,70.85565310514284,70.16103791301977,78.15102955874077,85.78252693107314
USSR,1919.0866051871712,2027.522622261932,2120.8314534246856,2172.894945045049,2253.5523996653606,2337.3901278276257,2431.8920320474067,2548.9433937440294,2660.5427133621074,2762.5730600718703,2895.6671083537735,2990.068722414714,3098.0826625261693,3195.759517384966,3258.4891902236595,3280.429198334957,3313.015607773956,3376.8317572313717,3414.8384090945437,3474.728694069893,,,,,,,,,,,,,,,,,,,,,,,,,,,,,,,,,,,
Uzbekistan,,,,,,,,,,,,,,,,,,,,,101.4015953151054,100.48467304364307,100.2784031935617,106.96218564022843,109.36931560618645,103.41371810257363,105.03612653321166,99.96106701054558,108.33689396184606,101.2415728820954,97.3350439546024,100.09145857392738,98.35172930239027,102.56662066709356,114.12362414961991,119.70145855787301,119.63236074256028,120.61219772343048,111.40563680361416,116.70140689774821,110.49918393768053,103.52400704411852,109.27833777223766,104.00234423640259,103.2083453875472,101.31039611851294,107.51860185148225,104.51114332751052,105.67690512856942,109.63042117548359,104.14240318774326,97.29673483120041,97.50622383304339,101.78018183774299,98.49375952570121
Other CIS,,,,,,,,,,,,,,,,,,,,,82.69177917114783,81.51607714457054,82.44806328587092,84.47642105118933,83.66564557446688,83.8997776386645,66.9663074424347,52.027285680042304,35.69257979686081,25.161857297122026,20.86490196545953,21.677152694057874,21.239875932276007,21.26730905547081,17.393134171245293,15.983546763096205,16.009930753439725,16.281961978961494,16.408225702348982,18.344613455241795,19.492242029029505,20.284108615861623,22.836022022167235,24.41867753515704,23.567847702849075,23.072086945750133,24.609834905738072,26.59787863191648,25.482473214204994,27.13452114488929,28.24617330380376,28.736812643530264,28.843919971599618,32.31895390330919,34.67513643356185
Total CIS,1919.0866051871712,2027.522622261932,2120.8314534246856,2172.894945045049,2253.5523996653606,2337.3901278276257,2431.8920320474067,2548.9433937440294,2660.5427133621074,2762.5730600718703,2895.6671083537735,2990.068722414714,3098.0826625261693,3195.759517384966,3258.4891902236595,3280.429198334957,3313.015607773956,3376.8317572313717,3414.8384090945437,3474.728694069893,2760.8422423160087,2824.8407464440465,2885.925726735045,2926.57991146453,2917.6216982886194,2845.0121786318637,2760.71153592492,2626.915879051715,2390.040921449246,2173.5288442576466,2016.6443124922985,1949.9018486243317,1823.14704618119,1807.1235984104321,1802.4557182584192,1797.2280732115146,1828.3908581885555,1827.227552904122,1870.8784175524106,1892.5669714510896,1872.8058261421309,1946.274961752104,1958.1071072585944,1992.4398617269742,1876.0971772711353,1939.747683362327,2035.8672391452826,2063.066070991976,2016.45518699349,2028.641217394898,1988.9843974110088,1996.659512466482,1989.32283035692,2095.6651817980687,2085.3119295687457
Iran,21.808839548429066,24.032267059292955,26.72923209225287,29.674894594675056,32.76092287955147,38.41476642722078,41.55453060654163,46.81607108522236,57.33701964633845,64.08077182904819,75.22292987405909,85.82737257526803,97.06163012937333,94.38498950691195,103.05899911344916,95.78118256503842,97.60911164519185,110.00933240751525,130.79313685801424,141.45235302726982,154.52646296421753,144.38074876867913,153.44756758779812,161.4434557203002,176.92015402919728,190.57104954691073,211.03535461996464,226.47800663640692,212.03537571485276,238.55498263872153,248.93902494858554,262.5438331228469,272.566137756588,278.7984183670758,297.67906674894294,313.89696187179635,328.4800849007509,355.01866048919516,359.73738634243745,388.24716964297,416.31770741197556,451.33154696766053,480.7142021711112,503.9093439459172,516.6741385139325,518.1012133735738,531.5633053299741,535.1341993747455,564.6032173274436,578.1985691546759,570.1554013235962,596.6283191827462,612.6385333463055,644.1440489738126,670.7116944392321
Iraq,5.11638463046442,5.668391405522741,5.8049342442612035,6.217110485336237,7.177218150063204,9.208062256649233,10.03713406024949,12.052711832942375,11.664101850502881,11.407458135184742,12.199796571701862,15.542586358693384,16.38805240041118,13.615715573841863,16.655712027738574,22.587345952301018,22.906218052453706,23.867201046269965,26.88781386190453,29.3851219001864,34.67767534857165,38.37566996628798,43.9166623753869,50.828524279871345,57.26030546407725,52.29275125351487,36.278794920913775,56.4760444373918,78.01132395021041,89.84649334556698,87.44045851168522,91.0309042440666,108.2848622236145,74.23697324384275,55.29056718887557,74.42053105269575,84.09197295760768,78.9745283577446,72.9425355499688,77.68897701543307,74.31243080253233,75.93632872619978,78.95637574430631,82.39394591261775,93.22353244110477,99.07708420081829,104.01124020076263,111.07033834461883,119.53234842311988,115.57906404983991,115.70447840369829,132.66773984854694,130.7173705819175,136.28371080105669,148.5658212554649
Israel,11.86283572489878,12.387018027966718,12.924372199794881,13.495516426569893,14.085152468543281,14.689787155322865,15.324192055351865,15.942062590528664,16.958392398,17.236730565000002,17.831769129,18.925813629,19.917506808000002,21.301829686618092,23.417326305,23.56346966880578,24.10639229364676,25.387900563193487,25.950936132603065,26.968254923495877,26.275753412385377,27.79771521306365,30.55329033764878,32.55548908803555,33.994303008511984,35.00522830383493,36.2915197704361,39.548592481456886,41.720602527948515,45.39035543330299,50.41298558215151,53.64254175140458,53.298662709993465,56.706474826231336,58.545138695981734,61.850708033947356,62.515140360194785,63.88453840415852,65.54264679627587,66.04615394186199,67.64616284376866,67.43074480760022,70.40331392584491,71.62374518840906,68.39166722342199,71.55318263381913,72.80664768404593,78.91614852349501,69.29546692747972,66.73051910353051,69.79394759532016,69.11856884937984,70.98790526353142,70.69366574627264,73.08451293980475
Kuwait,17.127525329417672,17.9127632447818,18.25841221263074,19.19990982717394,19.687319791527685,16.20028874976986,16.2162544901,18.016978686199998,17.957837766300003,17.218487935299997,15.4517776872,18.183057834699998,18.5025335904,20.2244636785,24.4737752057,20.1791286152,26.133157137400005,26.7498769464,29.815814588900004,31.457951325600003,30.7071805349,34.468730278100004,32.3603149926,36.1121578963,38.90206051940001,18.399946723300005,11.4766264304,19.9285050077,25.6811472176,32.064869658700005,38.99272537530001,38.57079507419999,39.8654939752,47.469202401800004,49.37851036709999,51.31498313803226,52.16749440295721,53.74682201854161,64.19965125784242,72.61891184503948,80.5164398692336,75.26390582923035,73.07831976967705,79.64966813793653,81.24894485973151,86.95546796634196,85.88404192713115,95.99143419036221,100.53186444505305,90.38834577350808,98.52556023475071,102.90722903193553,94.70657421871593,94.29900789310389,97.29662812446406
Oman,1.4044720063000002,1.4649955933,1.5284653272,1.5983670371,1.6650542890000002,1.7412716319000001,4.291103388,4.905652013999999,4.261137434999999,3.8968084650000003,3.5312982990000004,4.015443486,3.777753882,4.237309668000001,4.759439844,3.9407458665,4.074573765,5.7037204906,5.144301250800001,7.479016115300001,7.597392108800001,7.036776667100002,7.9448247682,7.663406871200001,8.783739314500002,11.285723340400002,15.668473204100003,14.8540010505,14.142769640000004,13.198856066497136,15.257368389153681,15.550739340094653,15.63812876580187,15.993574873168601,18.74277379662453,25.3842612594256,28.090251537229022,30.816771874015984,31.655649107551696,29.499826034750193,32.80876879279043,35.80240133662713,35.44995381876663,42.33365313643257,42.06454320177012,48.891634176958014,52.267237975150074,57.51706297558365,65.57089459091857,65.0949558113285,68.55779239801198,69.02361809158613,77.3895670114146,84.6939851907724,86.7204655708565
Qatar,0.308025093,0.306844311,0.44049198900000003,1.3424760930000001,2.093711997,2.3692931850000005,2.3499727770000005,2.598860343,3.6866036187000004,3.2480969486000006,4.829209281600002,2.998927665163637,4.220142604258555,4.0508902267478915,9.442005811057145,10.293759093500352,9.408336474510739,10.278300644759373,10.645700152111038,12.473053409340633,13.070411949530598,14.75173907721108,14.809749988405276,12.834288756119937,13.768263126195727,14.231503655377699,15.692477578422416,24.380588477876987,26.201210570004466,26.671719970757074,27.057610276194662,20.125139860246165,21.442422484120392,23.122081718261853,26.038048747059307,22.458049330325395,21.975208758626202,25.85163871531785,28.001938465764887,32.90694761534692,37.99893057925105,40.23320743445296,45.865278298413486,50.787306522746384,51.38897208106224,60.258214151153865,68.73372177644865,77.82329633355697,84.72927231657769,92.16747072196294,104.00480988555086,101.53071587841046,97.0262864404489,100.1729263204695,102.49392492771322
Saudi Arabia,62.4899278504,63.26130031700001,64.0854348336,64.97371495430001,65.9425585207,67.0465366312,67.0770468517,71.85763277679999,76.49982839249999,80.8633273229,62.66434088610001,72.35909774414216,85.63195413344981,94.9367375413847,115.83968252618456,97.91734525182892,110.45105813198585,122.59034204964746,133.88850747810972,156.876439579875,161.5429487106939,158.85245272746673,168.296641402194,173.2239313843512,168.7829701813134,202.28603954040548,212.064873054157,208.57870044878885,212.98169131188678,249.45257525208947,242.05328174112339,246.55168698760644,250.86715603296642,265.0450917319622,269.84037724596277,278.19175561101054,287.169251015507,295.18404072206334,314.66458052408916,340.38666408038176,358.57566857981345,375.7914316560839,393.9640583417124,425.04904703669376,443.7995486292763,486.30679526798804,501.6983242921411,526.444045231192,535.275198005094,570.949762119065,588.4279713451231,599.5374319069635,592.9879406947787,573.7532308878334,579.9220047654871
United Arab Emirates,0.2188037209924034,0.2335286837670547,1.1449203945959048,1.4617727004860173,1.47325211393441,2.0164844731961065,3.0466376250000007,3.281389008000001,4.290492915,4.7690401950000005,5.259531186000001,6.774812835,11.088406905,12.729552855000001,15.196826198000002,25.919869152300002,29.945488072799996,32.5136672389,31.4277843453,38.744492511199994,48.2186022169,58.402938406000004,64.92824699850001,72.5641385331,80.8092420158,82.23927403729999,100.80943447429999,98.091598667,101.9524581276,111.23623817520001,115.23882370570001,117.68292705159999,122.42826574809999,124.82191595309999,125.20593290069999,124.40854697130001,125.1009595954336,133.39951858530955,143.06087889857605,153.5258468424752,160.13111463508972,169.15201995349386,185.71732639848278,211.48547716698906,205.51242130414525,215.2663117367873,222.34092400248755,233.454055754061,248.86041527197992,245.1345752405643,267.058782960743,276.89536713653,280.7364464191607,284.9721006232363,282.57864808196905
Other Middle East,17.7020473807111,18.427657787168908,19.160079378701532,20.346512669076617,21.224243463595474,21.252602514640454,22.69681169839178,22.593723543891315,25.311826364881696,27.60192314518465,30.05183255275496,33.867876050809116,37.04202652984044,38.50747771239353,43.816512327884425,42.07637686213841,44.04374991642429,51.9718113860973,55.74465422138991,60.272339051654484,61.423700599232994,61.86765672784144,66.02010239243847,68.31305235765757,68.8384147376056,72.72152947304563,77.81685246659569,80.31563869913536,82.38383329166953,84.94837947727524,91.6285331496452,93.12835577206815,99.71605436693086,104.78385750462022,106.24108152456904,107.50546024017355,111.47977316981473,114.54186739594005,119.85063424144042,124.14570105210802,138.26068330947075,143.19559706744832,149.52693703415184,155.30449361663284,155.66196567176297,152.11216786170075,145.30395108279123,137.69496379146887,130.54131905196257,130.13529825451917,119.89459331366614,118.0278210683322,120.1463624161223,117.18743577988835,122.7576640450438
Total Middle East,138.03886128461346,143.69476642980015,150.07634267203716,158.31027478771776,166.10943367391553,172.93909302489928,182.59368355233477,198.06508188058467,217.96724038722303,230.32264454121758,227.04248546741593,258.49498817877634,293.6300069827333,303.9889664493981,356.6602793590139,342.2592230276129,368.67808548941315,409.0721527733828,450.29864888913255,505.1090218439222,538.0401278452321,545.93442783175,582.2774008431716,615.5384448869357,648.0594523966014,679.0330458740893,717.1344065192895,768.6516759062566,795.1104123517724,891.3644700181105,917.0208116795393,938.8269232041334,984.1071840633155,990.9775906200628,1006.9614972158158,1059.4312575087067,1101.0701366981211,1151.4183865622867,1199.6559011839468,1285.0661980703667,1366.5679068239256,1434.137183778797,1513.6757655024667,1622.5366806643751,1657.9657339262078,1738.5220713691413,1784.6093942709322,1854.0455445190844,1918.9399963596293,1954.3785602289943,2002.1233374604603,2066.336810994431,2077.336986392396,2106.2001122164456,2164.1313641500356
Algeria,5.5687527761,6.867505978599999,6.369306902199999,6.77113723,7.592118351,8.2644246325,8.9308441677,9.986480526200001,11.6122140344,12.9736952606,15.475229450899999,17.883758121600003,19.3442107532,24.534641815600004,32.1114066762,38.51578476970001,46.31018065870001,54.25844172610001,59.0323905669,56.957719137400005,57.6124513815,60.9855613778,62.67455686900001,66.88505872510001,65.13472260260001,65.35497969186824,65.27898092270846,66.56444441035174,62.123055993179044,62.815234761397605,65.15769229610623,64.33455133310024,61.84068903713097,64.40781187390604,64.42909022199638,62.59554714950906,64.93285150046228,67.85601355614432,70.95407428374206,74.30765031380652,76.94594295022515,80.80431397061645,85.22003582959833,90.62213629341022,95.6718405398077,94.18572330835904,100.5773527727874,108.87535834758278,115.43944141655864,123.59613430244698,128.96743076090323,127.6630068702312,130.68098894514628,140.44848420196803,147.11034407634386
Egypt,22.9015582589,24.025285808500005,20.1245571806,21.062653505300002,15.8805010404,20.2005890466,20.4924383393464,23.1321358686776,21.604228776873597,24.659273392730405,27.5734772191472,32.50612450636,34.84930306697686,36.32416301338584,40.10946363324081,45.688592083364064,52.515202461281866,59.05249450411735,64.89798164689513,70.36649478457275,73.13622043393659,74.79986725733824,78.60496424072348,81.01691760845424,85.52681681452508,87.93428090759153,88.56352571307134,87.96339134023782,87.482961802587,88.3600064979593,93.49565804263962,99.45476746918348,103.91174970910882,108.06680066884995,113.60677986577998,118.6786367925702,126.33858298722379,121.9001793069155,131.29381793264508,136.60337969059975,147.12580188443238,151.27372245500752,160.16921059625903,170.45539940328393,177.15888050357745,188.77179341393042,189.5295541499414,200.43327492493006,198.9527378274327,203.51484051318175,207.5878706769966,216.7365707281151,218.83368827398473,221.26330200249657,217.43946901471577
Morocco,3.5655904121076887,5.340302193631147,5.743535274541878,6.074594992170935,6.4850617932566355,6.8817527616887215,7.250057952146988,7.913674105319809,9.25798830369634,9.847235212660966,10.3000054791993,11.276378074570049,12.394828402175175,13.225917735304241,14.786522608199622,14.925869869025703,14.843577915468714,15.663374605573795,16.27367344314395,16.575663901482404,17.1730130474336,17.7592728881064,18.212554390919603,19.156340468778797,20.9802026073232,21.315648822438803,21.5465159540548,24.2485517401496,25.1597825615712,27.295016939298,27.147050950884406,27.624743793552,28.373526108802402,29.894788165729597,31.4993922673676,31.581344246031204,34.359788368452804,35.37163837614,34.697929632359994,40.120194067076,43.888725461404015,44.56264295062801,43.77363126962619,48.638962043484,45.15296941974236,49.09352607951342,52.91207840804821,53.925300534533854,54.310180602591345,56.46089798992,56.718145994183985,56.97232083353601,59.99535539491166,61.587676300766276,68.23767619677731
South Africa,113.20405928369144,113.52177976941746,116.84252873012255,123.10505337663864,126.25193496182293,131.62154972128417,142.21742819982518,145.6930382476731,156.61021474344034,161.76573362601712,172.49891642054348,180.0372182735441,184.99336276287357,182.2426850018233,190.13594532046162,205.8564496047271,240.26993406053205,264.0463089648505,270.3933759525551,290.400304078438,297.1199964494611,299.4249861707365,306.7601465084577,330.5429434335483,312.52424903664553,324.870408116784,319.2223602519903,327.2341072127979,329.59531767061924,340.2969490285426,351.1521189651602,357.30378647708625,365.1510111197485,357.5527994479458,370.11223736545094,371.6485643336748,376.47753696963815,366.5619540045506,399.7779078826187,439.14639356500635,421.66358499682997,430.8598001939519,441.04251338413417,475.95641321338945,474.96482333008896,476.6654931784157,467.7612778935662,463.7826338732444,464.16048077252424,469.1145847321232,451.7066819667335,470.5097005054825,465.8054868316139,470.37775343995844,478.82307087149826
Eastern Africa,23.772565018345077,25.85904928389897,26.75581766832619,27.957124746564304,28.673759414887304,30.755439066366286,35.45495364385751,35.728310875912726,38.097876046075605,37.348243796474115,35.29652514560715,38.18336316291992,36.44795711126723,35.70343894737234,36.04086040741217,37.415972885660054,35.72456079810133,34.48905461137141,35.19435371164651,34.8218534166904,36.01825020135298,39.383168985461374,41.60557313206427,44.50474601593217,45.582229201294794,51.90712410851083,47.79757982943529,48.054162208060475,52.21141942478323,52.17451647452651,52.915168662785824,52.9802049704186,55.2111883179973,54.82901824936075,54.84124579311249,54.227842200102536,57.273106225711665,57.10548754992311,55.25644357442579,62.03595850586123,63.82465772015132,64.87814402765986,66.77544046855122,66.0006153880069,70.15409964963702,75.63994277970555,80.0515514097586,78.60913569407406,88.83797087445457,99.33838610715986,103.01468730168972,103.22922122819313,110.8311885686386,116.42737942457424,116.63492788375015
Middle Africa,6.903977375867107,7.1017128137692875,7.224174303836614,7.488249307353813,7.758469810647764,7.888479241040761,9.301061671043742,9.60272301311851,10.681414761025389,11.190922550204231,10.053796396306385,10.220222552068307,10.798938318996719,12.548401035690283,12.734008171382776,13.230189330034914,14.08328113752377,13.021126972119779,14.663674531284622,13.106896079920341,14.653484049388677,14.262782205178546,14.663621628890033,15.654124775577941,15.545880988708085,14.448566093575916,13.112568858561419,13.065894677031316,13.467731169545237,13.188351044600948,12.954193561248488,13.131137316612493,13.577988845250971,12.647968445791093,13.588385972745312,14.520544015799022,16.803706345006557,17.986480570144565,20.11570534381942,22.458986903132015,22.137825401727465,24.415535130802677,26.41552159922239,30.595212638505387,33.172484148517576,36.511582898824834,40.286521022162475,41.63043401747834,44.66245349029523,47.78482965165845,47.477282034852706,48.293002497480444,44.35740128220951,44.47352762955511,44.3326478749211
Western Africa,13.37751548787788,14.33087192829647,13.61036856853004,12.80595272903632,14.044081694896885,15.534072573282913,21.055318486396445,22.543317262943564,24.583304528485872,25.01316792039547,26.928421450601537,33.2712097773659,35.658432890469626,38.744196611746545,42.77729192123252,47.121373332564225,48.50328428521778,51.406591508107496,49.824744741111694,45.769364895045406,47.492145456698076,45.05848054256759,47.2582582918124,50.53171919088893,52.28012129676195,50.756430266704406,52.70883633137696,58.36745980574101,58.99640099671469,58.48550463723382,59.58713102158777,64.46121259234792,64.70750226585214,68.36133376654396,68.2508672609279,71.0088726124736,76.10746486154399,82.7549217509877,81.70818984083787,84.00893588780865,87.65642079662318,80.91079145085962,87.53254280574932,94.66724961307784,89.19525598045028,94.47093229592255,104.08368423693723,107.02227630394557,107.76410425754601,109.03417285351556,125.32702407758678,130.2594856921192,141.65760729587515,148.91619178337444,153.69114402009413
Other Northern Africa,4.459221302857454,4.913674562971716,5.244779487115714,5.973583109609177,6.630314111891725,7.751162281996264,7.144574538683303,8.903338483944768,11.951016225937915,13.101344629436813,14.51334411187868,17.347654904316663,19.624875632000116,21.85714076451845,25.272883389943747,27.669358795616493,29.549671295490114,30.69384830693921,32.23857032871534,32.309233340926426,35.46493825438572,35.97145774805619,38.39014782577764,38.95440131718708,41.36085957539846,40.48410827411757,40.58750883221896,41.390073303311155,43.0070602615273,47.761221650000074,50.15051504803084,52.22928467800055,53.57816449536526,55.66066119969561,54.963583183840285,58.75770606908035,59.981714330970966,61.11092783246982,62.06962068008767,65.90366634645373,67.7340000926407,69.02862295710811,66.53503255099164,68.90529938816259,73.9155921540664,76.31323332699102,57.20846085957633,71.00438090013341,75.52736829626875,75.56702671836871,66.13260637107093,63.282797144208814,63.613265935007576,66.09183036266884,68.0895153755104
Other Southern Africa,0.14927264263931478,0.2607747338759873,0.29337941410567003,0.33948311057955427,0.3648601830527821,0.42262376018012304,0.4562506107352965,0.458820447234379,0.5047586451570266,0.49310102189141414,0.5927872839308653,0.9763888970610648,1.1809790452974576,1.3466281542884184,1.4564733836143453,1.509763697512756,1.957523879922455,2.015824168279775,1.8356147973232304,1.8897872263742959,2.187339828205079,2.448997851623917,2.4937808097349525,2.799815903409922,3.0931674386570283,5.256012540905425,6.209443470042958,6.898066572817527,6.9785228728850965,7.4291581100692365,7.650839003913258,7.2836096021442165,7.83684689767653,8.54703283459686,8.796421907173334,8.893711149837053,9.082744673171705,8.945563131988106,8.942167642582394,9.096003508214762,9.595179531679339,9.488792666941146,9.860886034657227,10.317077103589291,10.809108056210844,9.466543603132124,10.183335209918276,11.620015070414382,12.500652891093923,13.632111689929161,13.9815459166601,14.199564339979691,15.160075706833936,14.87445764785608,14.165541581194825
Total Africa,193.90251255838595,202.22095707296106,202.20844752937862,211.57783210725276,213.68110136185604,229.32009308493926,252.30292760973487,263.9618388310246,284.9030160650921,296.3927174104105,313.2325029581146,341.70231826980614,355.29288798325666,366.52721307972945,395.4248555116875,431.9333543682052,483.75721649223794,524.647065367459,544.3543797195755,562.1973168608498,580.8578391023616,590.0945750268687,610.6636036973799,650.0460674388775,642.028249561914,662.3275588224968,655.0273201634608,673.7861512704986,679.0222527534121,697.805959143628,720.2103675523566,738.803298232446,754.1886667969328,759.9682146524195,780.0880038383945,791.9127685690777,821.3574962621819,819.5931660792638,864.8158568131187,933.6811687879591,940.5721388357135,956.2223658035751,987.3248145387897,1056.1583650849097,1070.1950537820985,1101.1187708847951,1102.593815962696,1136.9028096663367,1162.1553904287655,1198.042984558303,1200.913275100678,1231.1456698393463,1250.9350582342208,1284.4606027932175,1308.5243368948059
Australia,113.83367522100001,125.07055717380001,132.38713456909997,139.72629683650004,144.31814834291322,155.27707503468096,161.23741983899902,168.20581621785715,178.64185569728448,188.99563110789555,191.88644905026914,198.37746428942634,208.40626938481137,213.6602851923485,222.08889621803138,223.8565963526457,225.55806623186882,226.55743846258068,226.08398141163883,236.4373056227175,237.4933125551601,245.83766997849258,253.26091205702957,265.2803661063339,278.34471764164033,282.16517614165616,282.3684949398813,284.63687574733535,291.4203108970818,302.1089113007054,311.51243737410095,320.6836408538192,330.7745284660893,340.1573118292156,356.80612969371504,358.2404722509401,360.5039920073828,365.386184010589,372.1841455463066,385.80173910299675,383.109488512592,404.94678172651373,408.39144315842435,417.60918514829893,410.4620057904013,402.6275277189838,409.6825775318158,402.5855473979817,398.9537318799139,405.7311808280664,411.33029687890627,411.8101964583346,409.6393967531851,411.1045918373142,428.2503098108371
Bangladesh,,,,,,,2.1561973110000006,3.324409453484216,3.8336766323712,4.062837274784472,4.902779869429204,5.117768484019829,5.349144837836279,5.815880970720027,6.425518924625269,7.321889238321655,7.462434399017273,7.850276325364237,7.48257497066148,7.595339321780686,8.883624721366967,9.735627717715014,10.643651083124427,10.891787953246283,11.761469603619812,12.754556331501824,12.024509010753372,13.085230050329796,14.144843829314627,14.84359412576493,18.221489143172484,18.424866324589264,20.818449879205737,21.145682410934988,21.889441029850335,23.513709866346,27.6829882043311,29.67064376909842,30.74881093520131,33.01262881118882,36.37177985656571,40.416358443888896,40.76853520955622,44.18139787956891,49.23992950646368,50.573474645838814,56.48606993070802,60.40283398330568,62.707292900634165,65.52548353751236,79.5959086663859,80.41731135681238,84.14453161640745,90.47664152019173,106.50351062577082
China,488.5254189209302,530.3490445334894,475.92067379776904,476.68279034602926,582.473700126301,748.5071302628548,881.7011556436825,945.3767244375124,987.0023005725692,1006.7685345206479,1131.2727890228239,1183.1413922532035,1293.5481105760439,1418.532586747363,1458.4542207472805,1471.2101522131977,1448.533210554673,1512.36247128781,1607.6967751752914,1733.3500497075781,1833.5231180192836,1916.3158643173633,2061.5151944650693,2210.8626646420407,2309.6750180650292,2323.8308169475977,2455.9233051427686,2581.2151583077202,2787.264671910105,2938.1103610441087,3028.8311211290643,3177.716183958293,3166.7959097159323,3163.3682163940207,3294.434397543311,3360.8689497237046,3523.0774287361232,3843.39521080914,4532.145327292727,5334.88812592442,6098.180082937951,6677.2863687122035,7239.759714558922,7378.248477267195,7710.062702451651,8143.438768516211,8824.313534909095,9001.257444693923,9244.003274138047,9239.855878473625,9185.990809463248,9137.626592084609,9297.988543385565,9507.1096444132,9825.801774991798
China Hong Kong SAR,7.1344079634,7.6970268718,9.07442673,9.781401557799999,11.469609726800002,12.323401988799999,12.967431309599998,14.743716101400002,15.2759891696,15.6077192056,14.7476171478,17.383496153400003,18.7988913936,19.570464792000003,19.9808499452,20.4567049376,21.849400361,24.660754563999998,27.007361677600002,28.06688494020001,29.563442160599998,31.216561093800006,34.7782106328,40.182899516199996,42.79955240779999,41.2727728596,43.048548776800004,50.14083697160001,55.072495219000004,48.4334966176,52.21417831621,49.71592885271,49.04382948807001,50.80836464783002,50.180347513520005,53.392267453309,70.00870703257898,67.19279550264899,71.264688801551,78.46372189433002,75.76791380051101,79.92621080047523,85.61936795142672,79.1717208104672,86.47334144904428,88.32143043537324,91.98789358638739,88.7019726777999,91.52788300741263,89.74869435250467,90.52623621501766,92.70486084317491,98.93406777266897,99.50237476035849,94.682703943482
India,167.4522205653906,170.02591538375466,174.4715952542081,182.54231213746596,197.47801591785426,189.89731110627378,206.58865167589138,218.56726708422423,219.01284288971658,238.59679737966846,253.39856180332876,263.835852939213,277.6144957526153,276.54907840468513,295.89332100721515,310.3067745106113,339.8124393927794,341.7609082452932,364.5903015145676,385.9412223011701,408.90094660861905,437.85424871255105,474.6805498340456,511.49154878586666,558.580164868374,601.6082627356697,634.4717888682135,671.2809278589418,693.3607982201879,724.0291397785692,773.0787017907824,811.8980217484223,854.108794440618,894.4056707935764,911.2556864312062,959.0281889529232,967.5710059782032,1019.0286404005564,1062.1941142523683,1114.3813921090082,1203.6315448395337,1253.7022162871442,1366.443430103737,1466.5575840911035,1596.2395792257298,1660.6540804803979,1735.1505600770124,1848.1328730664036,1929.3530352783569,2083.540801475596,2149.3791801379657,2242.8924405492835,2329.816567171342,2452.501157024789,2480.3544614000216
Indonesia,20.1392430632,19.5472592506,18.686040545599997,19.612185416100004,21.2888387939,22.6436927696,23.5320478096,25.40930786326316,29.719767068369567,31.410514346995004,36.858588044622394,39.716069962580484,48.11521075147269,52.71716150311197,60.98185560987797,67.34508558960371,74.79298964273607,76.86704433914001,78.48681966413761,83.17853839216296,84.70568516762191,93.35860398940474,101.67547071865353,107.13411821323882,116.87792465514075,135.75647737375454,146.34049594780976,160.53338633051203,171.0376933341689,183.09642671867115,195.4532976820746,206.5181908537354,231.46475456092057,229.47322154949006,247.94111928398348,269.2593535776846,291.2037398156733,302.1239378012713,338.12123044242054,330.64287834608797,340.1480685429831,358.69303772251106,387.2199733129736,376.3788071303482,388.2689577069906,428.0162301348715,480.0590944658029,513.002787674661,532.8693904251955,486.137994320063,497.9349846672402,501.9972643880671,526.9716092673266,580.7196266005542,632.0853804456611
Japan,446.9042238196135,492.82168559177546,578.1605423473363,641.649026985542,731.4818229980539,810.5198102088857,845.3465512872551,880.912876635457,994.9789682008842,985.6932689534572,923.556919620849,951.1964819348855,960.6532400216195,924.2762979020769,949.6517016139965,920.718180637896,914.7419687490689,863.5946244627396,864.0097272652717,952.6426067038382,930.4561173072098,919.8017437260743,927.6085569853644,999.2900566592119,1025.4920576146694,1089.7988989968896,1107.1154634354677,1118.9713133156142,1113.335936575236,1177.891992516997,1192.7247365876415,1213.4228928641933,1212.4499161096817,1181.480035628712,1213.3876279496872,1235.2406762740804,1228.4664675128754,1233.0303327789509,1274.4727858821905,1258.6759949292605,1299.200709063865,1275.8989700317122,1289.9409894061798,1299.7370561048676,1130.0151117442197,1201.8394027321735,1210.2907559720857,1296.123343874328,1282.9465038784235,1249.3051434145566,1209.885480402756,1193.2186086686827,1187.4890056246968,1164.175460712752,1123.1249843553992
Malaysia,7.016515930374271,8.18089736797139,8.29009403060428,8.39349753433006,8.666951701264999,9.569419430745459,10.787947897604925,12.165755018323736,13.260865275123738,13.4028745467101,13.836253502759462,15.591582539602829,17.580801955696895,23.1993172814,28.3914547113,30.498042326600004,31.690575993400003,33.81309801060001,38.5742200667,39.877083697699995,39.163981300716806,41.76338418166125,42.77626500096393,45.44657427111299,52.29832417439901,58.82693137633516,70.49243925107216,76.33685070854958,77.21474123268165,85.383618367419,87.26453714572628,98.98111559763447,114.80310613290563,105.39388236232466,118.95852926284847,131.27447692841196,133.41011337018176,143.9583556895061,159.1836206416362,170.7001769618815,180.99980159324258,186.8142965118517,190.47982849685803,197.90681398399178,190.30496661526874,212.99877460381828,213.61662216451487,226.7882441949295,233.14190052657713,242.19661887297758,245.74672171963073,251.445574816376,241.4334147327462,243.46677064622818,244.47069729750348
New Zealand,15.0472116104,15.795854125400002,15.733801413400002,15.6709353141,16.198284196899998,18.2425568689,18.082314043600004,19.350707761400002,20.896554476600006,20.640730803017295,19.853786621082346,21.55529726436023,22.41994096832833,21.18536293404067,19.787584962660105,19.193953675358017,18.798191273998377,20.39027400147787,20.534798463768404,20.682547894434318,21.129050601950617,22.298359290464333,23.083593165749324,23.83036436044889,21.045684400155587,26.230496166826214,26.724860704441095,28.269285908762054,27.89458813705082,28.775270577599425,29.269708835911835,30.075785936439267,31.912272266889854,30.698777772710905,32.081405364517416,32.499488295738985,34.790586552197965,34.58492504937526,37.03279489295286,36.013939034855746,37.98032343896386,37.84668867616677,36.883904110290175,37.65327108851067,34.845711264649246,34.72385617900863,34.596527824320994,36.23290109288979,35.60385497563522,35.726048188072724,36.530916521731854,35.60591538545956,37.389127185624226,36.995115851591585,38.38692600003026
Pakistan,19.505005127747502,19.302631718177306,21.051775810470026,23.812019809454785,23.21923410650127,22.695866426692547,20.927494208482553,17.632804503342108,18.622056516531288,19.989861428052496,21.14247235861346,21.223625836184308,22.696733470557014,23.775501051393018,25.81608490511764,27.821832768088058,29.646567725099423,31.911680007108224,34.20290790294955,36.51191136540152,39.03256973640139,42.49446092418923,47.44819266034173,50.88022162439274,55.28699454309075,57.813030129883415,61.43690073050203,65.78577418161433,72.4569328879765,76.1139413022523,80.7094799527764,84.74350061468324,85.8516344088902,88.31711955365569,94.13713517659761,97.80519098284205,98.88360637812954,101.20174569387197,106.68847538304544,117.89500935341196,120.2241327051765,130.25459058839303,141.97858571235818,146.34975205056128,146.00019754247054,145.66098520965596,144.0997031667523,145.46689561964826,145.53563200553407,152.33946770549292,159.91234896094218,175.72227200829303,189.6476898824367,197.69247087052065,198.30443403671248
Philippines,13.209439858885602,14.3883421023232,16.168303497673598,18.378439207359357,19.712485837084163,22.40719916438416,25.983388019491684,25.489670403699204,29.578104226399205,27.772640210078883,30.04895209210288,30.97291753515248,34.04547691646127,35.27518732750522,36.33656548456068,34.6667528610914,33.03125776936563,31.865755021596925,33.75923790579988,29.155058395189204,27.476066350187814,27.740549862781943,31.972544200822405,35.14233034490672,37.83883792930736,39.94286463716416,39.41798694554352,47.52421222631121,48.79671639070287,51.24345093308171,57.999294149355826,62.45144563712415,68.47356790803211,69.23376833809866,67.36724476898728,66.84629272950333,67.69553216932302,65.89577772100702,67.9991575188517,70.29568046592439,70.42486705150142,67.53609330599025,71.76485468083021,74.00394254363263,74.4997195754354,79.93848006144886,80.65146263068519,83.09574528142792,91.85924292756226,97.30815243432878,106.20768065954378,116.44395860532202,128.8666741472045,133.74917265827156,140.09894407887188
Singapore,13.092580560011635,14.966979859034907,18.022106835692362,22.43462046749762,22.039571114955336,23.927454430596836,20.685392004016,25.934842139636004,24.2157310279776,23.9002708169576,23.516192779032806,27.866585590910397,27.9640130634776,28.495566357295203,30.353818222327202,30.1480878612184,34.7322203736952,33.6782608820768,35.7224727211536,36.6901161852872,37.137689265916,43.2866962435432,44.73927055549521,52.09222172596401,59.8060925864224,69.6233244878344,71.15014569345762,76.310929867316,83.05939616527202,95.67775709890961,98.55462865056002,98.37301520703521,102.40399765730001,101.20217214540001,99.9525066943,107.09629548941217,117.53554014688577,111.799605153933,103.68147850720679,116.199780946422,127.26686081709266,140.29568804943165,151.42339294828363,163.38444117040302,176.678872805433,185.33757776346263,192.72242848188841,191.96076529946004,191.4369707193081,190.9402924167631,202.7056808957995,216.99721307972388,228.92964569567,225.29221527665575,218.87535239624637
South Korea,24.871266447141938,29.610826115371164,32.781891429821115,36.30337765770123,42.48411828774222,49.03409411346103,52.602397495242116,54.590693973925504,67.74684377777709,68.77858168337744,75.26785993767207,84.09367574186682,96.22573239285376,103.96493461326286,119.17855237402475,123.42736214351152,128.7309573600838,129.116185553144,135.34835788577064,148.03273420970868,158.92405905357828,169.99078608036646,179.15124812347602,204.11942144043644,215.48140072262123,235.43484822932282,263.8161797850582,288.33685503911016,317.9296843170394,343.362718997375,372.71550895121703,413.6245917538376,438.25246926874223,377.90567542614093,412.0841978440477,440.6538523666842,452.8798726873565,470.84888917491037,480.45564866859644,491.18260336421565,498.5753890749433,503.69185811195155,516.7221307858038,531.1359795016234,534.1520743855415,590.909568524091,617.6801462272988,614.5725661927313,619.4839418425546,614.9076719135237,624.1715096551724,629.5557805323134,645.1948942459903,662.190738182367,638.610692018542
Sri Lanka,1.4550595197873464,1.4901685696173348,1.5262538378739199,1.5627653755252524,1.5989680412786405,3.09325879729,2.8667655281500006,3.06571715152,3.21011139441,2.54703064998,2.4594193778199998,2.4268984362048003,2.5906992468160004,3.02212458850624,3.1160523161127998,3.1949780999829605,3.7636879944192794,4.27594604688864,4.6679558156176,3.9637006433228006,3.5747512208676,3.49119921065,4.0282598045088,3.8918241723540006,3.671615099374801,3.9171207213000003,4.1466834446776,4.9210801897676,4.72838231757904,5.237526166945201,5.688444643521761,6.9906711121211185,7.638659881060001,8.13092879048984,8.88589267925,10.567441000834561,10.430146835358961,11.07516266265528,11.14943345533976,10.9037990092368,12.561952213002561,12.99689781128654,13.813938986418538,12.57527858878296,13.234187738426181,13.147079234204238,14.8235314690503,16.11552223969766,13.95432304959072,14.229940913760842,17.87287022104056,20.24858356141573,21.67023324078726,21.566268510591208,23.41451870816133
Taiwan,18.847770403019386,20.038509846290747,21.790884913917623,23.868390418335682,25.22966409309868,27.557111659388138,33.85918201272386,35.344404350990644,41.49751667552192,38.576815617018404,41.85095087518947,52.214124106792774,57.13311188578538,65.31869229870183,67.70656288869571,73.62199154280032,64.77552251206869,62.42245127649962,68.63525535933178,69.61134045142414,74.88462732601889,85.92806087186236,91.01312934442552,106.91391383789981,117.21300195773708,120.36847027461305,129.88522531376663,138.75489939452632,151.3206083126439,157.93511948090645,168.9869159913119,177.2697376582839,192.63869905381668,206.2917340435769,234.22093383947214,235.73877201155548,233.60865055506991,243.85731011885454,253.90188764545744,265.16187750771655,269.6938992113974,276.863307281726,278.17266474377857,260.9375585428157,251.16574957805264,264.2372912735061,270.0128034914618,266.20149005787346,269.17972045670973,275.17824056410205,271.6611494033426,280.2757873368242,288.3531717203978,287.0005843109366,278.61675497046457
Thailand,7.366885964,8.743907365,9.900674154,12.985646961999999,14.063613007,16.2586759989,17.899369072659997,22.2965942820504,23.6163281704856,24.2766114923584,26.112678511384,27.577938943464005,30.891252709328803,34.776608769907995,36.07354751156,37.71399580908,36.761543641892,36.384259876012806,40.43846551636481,44.142121429756,47.02090357868481,48.74884779306981,57.665180879704806,64.92577001253566,74.69985548598281,89.73181690307318,99.87439876247497,110.45102803180708,124.8547923159646,140.00880651957473,153.9031781266572,171.93148622283178,178.68822239215947,163.79416173503745,171.24507354233302,169.7256718659286,176.29219099034862,190.9067911920691,202.05312422436765,218.34675751057003,227.5186291746262,227.71011635882488,236.6886688804986,237.3889883207605,236.48255715947977,248.7075138946148,253.54047475333655,270.63070962346893,273.8740320541328,280.70518514536593,291.444027174987,298.211562666535,299.0426344686576,306.0679964358512,301.67766188754706
Vietnam,8.226465482634453,13.943996822971076,19.04588761932522,19.795273947433238,23.276364618104356,24.282179872480654,21.845811783101805,21.119197301611276,22.700246508560802,17.295286477767444,19.76235216613618,12.052431432646845,12.863038280653736,13.075706270257518,13.894149177801769,14.939786599705243,15.196125101035097,16.357117667151467,17.3388610579555,17.198537941457836,17.35893395191838,18.941901949123615,21.444985726741663,20.902819533791664,17.81678843643799,17.867134521997684,17.42697423934431,18.319368659400002,20.531838225200005,22.903047312800002,27.18166877222156,31.157581173292517,37.811541427194754,41.22132803082825,40.22084182603714,46.968311582879075,51.37527291809397,57.521858154937775,62.93320873983642,81.36190521461276,86.34451239010558,72.28546084027879,79.21129836187242,104.26557895351282,102.40652176377833,121.89973640444457,134.97033191799767,132.73532965229833,140.83318575771767,157.3761470545276,183.42395103995887,195.4667093689211,196.11611668074116,237.00645752114607,285.86185196627315
Other Asia Pacific,52.56154406615003,56.34943266192583,61.72389825203916,67.17922846380026,71.9274936389814,77.42387590221038,85.14819812361478,88.20273325675561,90.85084462162564,96.51317884031523,99.58117018662512,105.05771854540677,111.84426501564866,118.67147273568814,127.53787404799044,137.1781901829698,141.7257084830598,148.01152527381845,153.97932931560848,156.9826519199881,166.34084909002118,166.93507698705386,160.67660114046058,162.0458428056032,159.64334513533964,154.33197220120257,150.34401732021695,134.26310090138765,127.15437899394452,119.74207223723943,116.08850690482174,107.05063759917392,107.12278403869703,101.70130404290288,108.35467878724913,115.29404175582287,118.7430387291888,116.69884924491873,121.81507759448854,122.62435637003394,127.92097514307002,131.76505258583643,123.34316293905667,129.32743094035717,113.94248174274271,120.4673257703891,111.95369985260476,116.54317881425943,109.6645972532146,121.87128680392969,129.82457645793502,141.4524982951592,145.46365442993798,206.70346094014135,210.3396163888737
Total Asia Pacific,1425.1889345236866,1548.3230353593026,1614.7359850388307,1720.3782084369745,1956.9268845487331,2233.6601140361445,2444.2177150647144,2581.733237936452,2784.660602901808,2824.8291853546816,2930.05579296754,3059.4013219893213,3248.740428623607,3381.8822297402635,3521.668610668378,3553.620357350281,3571.60286755926,3601.880071303303,3758.559403690189,4030.059751123117,4165.569728016124,4325.739642930169,4568.161816378776,4915.324746005584,5158.332845327142,5361.274971036222,5616.00841831225,5869.1371136906055,6181.578809281148,6514.897251096519,6770.3978341471275,7081.02929396822,7231.053137096205,7174.729355494945,7483.403189230911,7714.0134531086005,7964.158880619304,8408.177014928291,9288.025010424548,10236.552366856175,11195.920930367123,11878.929993846188,12658.625884347271,12956.813264116803,13244.47466804578,13993.499103582493,14876.638218452817,15310.550151437088,15666.928513076522,15802.624228414768,15894.144329141607,16022.093130005305,16357.090978021386,16863.32074807346,17269.4605753222
Total World,11207.741165956868,11725.313885429247,12084.725642159108,12743.051212972056,13530.939822933597,14312.868023022953,14788.378465714757,15495.49467406435,16345.05095442261,16255.751893327637,16281.70524953529,17173.069698108928,17739.254737645824,18016.10350664485,18596.52986821194,18433.561460829475,18202.260225745835,18022.360662564035,18185.127403055903,18852.365824838707,19249.863074165285,19579.093011201097,20186.525230929827,20862.95088341649,21242.614403533305,21331.49565684622,21338.613705942927,21433.692445892375,21488.851572784646,21709.880208702114,21982.942790269604,22598.74486089507,22749.94124754887,22819.718442268433,23127.825770876352,23676.445904615568,24010.304932349998,24544.492220997374,25767.498376477633,27077.52474641762,28186.452354229263,29074.027009214795,30095.946630768864,30378.395827583165,29745.211853354387,31085.5348412266,31973.369818267856,32273.53153151956,32795.55410647285,32804.71869141038,32787.19767306459,32936.06603613734,33279.49133386669,34007.8910352292,34169.00078208068
of which: OECD,7703.189787913386,8015.8025193466865,8280.964807146,8804.452102517802,9334.098624015318,9790.467329658584,9939.54858284216,10374.748717162272,10951.592467381517,10674.599420119903,10375.00103141773,10987.21374475123,11199.373628852058,11157.588678791522,11462.148906007656,11181.359443714693,10825.294181390367,10428.464513485927,10344.875002275037,10708.203327656367,10888.813448708403,10932.381434770732,11177.727554748024,11509.51937177647,11708.015567438873,11653.430796666886,11641.309144351711,11666.586343250194,11747.487183838892,11923.33456804914,12077.628056881884,12498.870049295472,12593.71953789632,12622.428055943714,12727.130068835142,13011.159269303618,12977.415651096437,13047.940170767093,13294.394575431019,13450.807171520348,13566.143618553862,13545.682520328402,13656.099064415323,13435.369116610575,12507.578545606137,12957.487452507028,12783.102256697004,12580.33672424249,12661.943982297176,12441.450858636268,12347.75714443138,12270.063080091697,12300.248086859492,12372.332978421098,12011.955351395216
                 Non-OECD,3504.551378043481,3709.5113660825564,3803.7608350131036,3938.5991104542572,4196.841198918283,4522.400693364364,4848.829882872605,5120.7459569020775,5393.458487041098,5581.152473207734,5906.70421811756,6185.855953357701,6539.881108793767,6858.51482785332,7134.380962204286,7252.202017114785,7376.9660443554685,7593.896149078104,7840.25240078087,8144.162497182352,8361.049625456886,8646.711576430365,9008.797676181797,9353.431511640003,9534.598836094445,9678.06486017933,9697.304561591223,9767.106102642187,9741.364388945758,9786.54564065298,9905.314733387726,10099.874811599604,10156.221709652555,10197.29038632472,10400.695702041216,10665.286635311943,11032.889281253576,11496.552050230284,12473.103801046635,13626.717574897288,14620.308735675411,15528.344488886383,16439.847566353532,16943.026710972594,17237.633307748245,18128.04738871959,19190.267561570854,19693.194807277057,20133.610124175684,20363.267832774087,20439.440528633215,20666.002956045657,20979.243247007165,21635.55805680811,22157.04543068547
                 European Union #,3304.4822120629115,3344.12337736558,3412.149716093142,3613.583729786791,3855.7074138711905,4056.9781175528433,4106.837161414227,4244.459028883057,4459.940510911159,4335.739307079457,4227.49635811555,4490.681775642713,4482.546216758881,4505.253357917236,4656.0699642196105,4546.14705156436,4343.100118733094,4235.298334478799,4183.446862640456,4195.232098720881,4362.559065903138,4391.466389396919,4437.5475374074185,4407.233611833171,4419.757663468272,4346.469202209036,4283.3735185994865,4141.043011267923,4072.301745541814,4012.7264423253264,4068.8353152024774,4187.328507364491,4112.995011767133,4131.687161171946,4072.667866075013,4081.0142351960135,4154.020933529098,4136.618598617199,4240.351897198983,4262.1813895155565,4256.196184866928,4293.563108170327,4225.883736378995,4146.622383176942,3830.2662475408097,3922.93499511353,3800.361503690729,3737.698716448332,3653.468214569798,3445.5919253750963,3486.935193125315,3498.502546832837,3527.1464511396366,3466.4825043969304,3330.4447580655774
