country,1965.0_all_energy,1966.0_all_energy,1967.0_all_energy,1968.0_all_energy,1969.0_all_energy,1970.0_all_energy,1971.0_all_energy,1972.0_all_energy,1973.0_all_energy,1974.0_all_energy,1975.0_all_energy,1976.0_all_energy,1977.0_all_energy,1978.0_all_energy,1979.0_all_energy,1980.0_all_energy,1981.0_all_energy,1982.0_all_energy,1983.0_all_energy,1984.0_all_energy,1985.0_all_energy,1986.0_all_energy,1987.0_all_energy,1988.0_all_energy,1989.0_all_energy,1990.0_all_energy,1991.0_all_energy,1992.0_all_energy,1993.0_all_energy,1994.0_all_energy,1995.0_all_energy,1996.0_all_energy,1997.0_all_energy,1998.0_all_energy,1999.0_all_energy,2000.0_all_energy,2001.0_all_energy,2002.0_all_energy,2003.0_all_energy,2004.0_all_energy,2005.0_all_energy,2006.0_all_energy,2007.0_all_energy,2008.0_all_energy,2009.0_all_energy,2010.0_all_energy,2011.0_all_energy,2012.0_all_energy,2013.0_all_energy,2014.0_all_energy,2015.0_all_energy,2016.0_all_energy,2017.0_all_energy,2018.0_all_energy,2019.0_all_energy
Canada,4.924317048,5.239094893,5.480213969999999,5.836056241000001,6.18595265,6.624581111,6.831992434000001,7.348641542,7.857611557,8.099353899,7.956117337,8.439991487,8.936246164,9.054126246,9.326797594,9.518029260999997,9.408892300000002,9.090671024999999,9.028668048,9.615311746000003,9.921055951,9.946250274999999,10.288276055,10.70825968,10.815393108497078,10.619272631242426,10.64074439979532,10.905954605406125,11.149002954381137,11.562377745663968,11.808980574233665,12.136335644040983,12.229873954642908,12.061168021166512,12.445444827408364,12.808384436595976,12.497244855245638,12.881713505922974,12.938692452956133,13.092089022608736,13.22634436447932,13.055694201027622,13.515239699793195,13.462205542073228,12.735857357208108,13.006500948350293,13.605143671545045,13.468474248037818,13.881790511401228,14.031963677255106,13.993650261824335,13.936678180345654,14.109482022622178,14.349534169353072,14.214057567156791
Mexico,1.0502527126139396,1.11157158395628,1.1324702682883334,1.2329965534507905,1.3536893345652083,1.4448340709047367,1.5199836106514335,1.6804659571661091,1.8126945313902838,1.9967721993175414,2.1341911591414457,2.2707185356239705,2.394828260725485,2.698444110419691,2.983510074489897,3.251658510093614,3.5914036342253572,3.7444631754178794,3.7038598446256614,3.8754403908583,4.065132934332888,3.9479575542806633,4.079445317576233,4.108589081440383,4.337943074399802,4.564141535239785,4.741419433168911,4.823497015466333,4.8480544391913885,5.127171824194082,5.046188050167673,5.205132772689016,5.294514661657881,5.530348362062191,5.599980234015291,5.861441709613828,5.789725901955852,5.978006643851155,6.027918283698738,6.352661471663509,6.7605281510291135,6.9744744148025966,7.0107729602959665,7.157985196214092,7.101147062137546,7.308951170288454,7.660040872462608,7.705558421346875,7.738308623733479,7.697182234819048,7.688300012316861,7.785419360570296,7.895340852275446,7.833321660614037,7.7207424554590025
US,52.43379506763246,55.38303799976934,57.311775723878114,60.799094256268894,64.04961230554675,66.21550766100877,67.5919436274928,71.06433022273536,73.98487539567992,72.12094638884265,70.36160600106365,74.19373885955814,76.14413312342997,76.48907002313157,77.39115847550256,74.5829180097075,72.39532948499286,69.37762594315399,69.07058060287035,72.74461609335435,72.56411356936276,73.00463311108864,75.47505985819664,78.93009067178606,80.810177946229,80.99330473051,80.87997295559741,82.09209478892348,83.80575878547934,85.3658512615778,87.20019381394034,90.12748936623441,90.81223120328211,91.40875641941683,93.02682379101122,95.13879198283757,92.89452493399065,94.23901794498337,94.53503321710186,96.3967141890565,96.43731384170239,95.65836226769999,96.99645750797995,94.60071170836389,89.92401795024627,92.97258881318764,92.08836192294224,89.68776503034209,92.09548017718623,93.05416795604009,92.14900448893191,92.01779900020365,92.33052485487691,95.6029190067394,94.64880403997982
Total North America,58.4083648282464,61.73370447672562,63.92445996216645,67.86814705071968,71.58925429011195,74.2849228429135,75.94391967214423,80.09343772190147,83.6551814840702,82.21707248716021,80.4519144972051,84.90444888218211,87.47520754815545,88.24164037955126,89.70146614399246,87.35260578080111,85.39562541921822,82.21276014357187,81.80310849549602,86.23536823021266,86.55030245469565,86.8988409403693,89.84278123077287,93.74693943322644,95.96351412912588,96.17671889699221,96.26213678856165,97.82154640979593,99.80281617905186,102.05540083143585,104.05536243834169,107.46895778296441,108.3366198195829,109.00027280264553,111.07224885243488,113.80861812904737,111.18149569119214,113.09873809475751,113.50164395375673,115.84146468332874,116.42418635721083,115.6885308835302,117.52247016806912,115.22090244665122,109.76102236959191,113.28804093182639,113.3535464669499,110.8617976997268,113.71557931232093,114.78331386811425,113.8309547630731,113.7398965411196,114.33534772977453,117.78577483670651,116.58360406259561
Argentina,1.1276320347962718,1.1651077531389147,1.199725304007338,1.2412339151821727,1.2839123961458132,1.2127622515030838,1.2883781834401833,1.3114422291550625,1.3679103524680438,1.4275361264187731,1.3916435714635444,1.4674587656693503,1.5330676861702373,1.5640078859152917,1.6587508574173868,1.6572183103338882,1.5976867729448028,1.6360296077937977,1.7091846844515752,1.7062133702149815,1.6648351628850815,1.837627038797112,1.9205662602433637,1.9463091711716556,1.8669389175184583,1.847543730710813,1.8687394569613918,2.0101060360916283,2.0749258754945252,2.113357748328212,2.1988522553862557,2.3549992682216017,2.341980693919038,2.4277725285197613,2.374160471847848,2.4700518074030016,2.442824837605153,2.3257044846839316,2.495103102176584,2.628104440240487,2.802797999811933,2.9448284356675707,3.0747909461211322,3.127156373263334,3.066804065914671,3.2271374928514254,3.2890758147845025,3.382871529572315,3.5245765435145557,3.5068614767359194,3.585803291902729,3.5761952977109024,3.5669198736178407,3.540866279385322,3.4627693716586956
Brazil,0.969469371510708,1.057604646394248,1.0956531425761062,1.2528400211724782,1.3678315487244248,1.585816640227802,1.7342590984950121,1.9978797479863437,2.382002141859865,2.602140444063089,2.74924606698952,3.019283713942201,3.2265889758800164,3.556023676501739,3.849862496510347,3.927910430280431,3.8293116939683793,4.019244408463384,4.098749689614086,4.400627743160595,4.685955693639595,4.99639497192059,5.145734871744383,5.342259319220719,5.449779581633223,5.359907432130135,5.565708435462714,5.825753708111737,6.086154841132522,6.395972192804413,6.715675504651574,7.090972202138197,7.4960640013217255,7.769721293158216,7.9087579095879565,8.042012272889217,7.884190467100722,8.070208849160705,8.212964288770387,8.614360295011295,8.85800624641813,9.079154731311325,9.634607628132922,10.059616182907211,9.9785178853462,10.981271002179064,11.482704575294068,11.688261344083728,12.130482778152995,12.401465830880905,12.23342183670372,11.91851961273313,12.06370119525509,12.134311698170624,12.403434343333865
Chile,0.2603391874669595,0.2791208379011797,0.2845595081283108,0.2838664772295479,0.3057122533917099,0.32266634811407724,0.34880410200000006,0.36013750800000005,0.346330769,0.34257042400000004,0.308504314,0.324363283,0.3363913760000001,0.3561547720000001,0.3680505400000001,0.38004133399999995,0.389954395,0.35683937300000007,0.36658137700000004,0.38355117800000005,0.38893017200000013,0.40636104800000006,0.426337909,0.47600602200000003,0.525161096,0.5532447838000001,0.6198553452000001,0.6856977721999999,0.7251022820817953,0.7621095500000001,0.8213648203999999,0.8715628719280001,0.99698950488,1.001298747,1.0442921486,1.1041036912,1.1115207153324678,1.1504106493548385,1.1438017213384615,1.2020097591885406,1.2490353881209102,1.3337323464351398,1.362657867958889,1.3506495314397415,1.322719152092585,1.3285094297028848,1.4443373329067948,1.4764718543363293,1.491113297432771,1.4624689845852628,1.4952624638082495,1.5687931544806348,1.579807877494747,1.6606771829491453,1.6558232358694116
Colombia,0.31774451856177854,0.3462238011991303,0.3685825412320835,0.3883016469470866,0.3950015623379314,0.4309344005643688,0.4235459075447413,0.47575446345561906,0.47506921413959313,0.5323572199345713,0.5433249062425399,0.5660001844846401,0.5788516910053001,0.61918968493312,0.6577697010319999,0.6690116416749741,0.6849036220512219,0.7162022952609116,0.7527427021490295,0.7727922065371505,0.8034053604551873,0.8296104135295065,0.9020167602632936,0.9026572598933159,0.9497850313794969,0.8882187320903928,0.9225367528515067,0.9649321257863044,1.062360770787467,1.1406133473436233,1.1583137957301537,1.1880311359705826,1.2227716875149506,1.229895570539727,1.1376174747950982,1.1086137633837465,1.090801699222918,1.0867541512906138,1.1250482358117864,1.1448936559608818,1.1472100863709513,1.2860520906129365,1.2905405819735656,1.393966742175377,1.329596055464006,1.4231277074338755,1.4881761160357505,1.5925187542328731,1.614539287948694,1.702195141728668,1.7120340922039934,1.8069225392181387,1.8391983182423788,1.8523643917550192,1.9242381295841249
Ecuador,0.031004294999999994,0.032621098,0.035292123,0.041699712,0.04429498300000001,0.052921601,0.05814900900000001,0.060766101,0.065066407,0.075953428,0.076844726,0.08465873300000001,0.100776332,0.10527193600000002,0.10969552099999999,0.13918268,0.154495622,0.16974717600000003,0.16570931099999997,0.18356886400000003,0.217370336,0.22747262299999998,0.23416707600000003,0.270742945,0.279215004,0.28830683200000007,0.318681332,0.317100339,0.328281721,0.35691190300000003,0.338001891,0.384378266,0.428558267,0.43080789199999997,0.39215708436940006,0.36989527925515003,0.3751315610002964,0.369921024133083,0.376069875221686,0.4058602479260096,0.43003512023953366,0.4547435263199399,0.47722036833793313,0.5074440216355438,0.49698276059002666,0.5525584488528585,0.584999688110139,0.6176871614866151,0.6383942408402057,0.6705101248306842,0.6675673388473033,0.6636819176819594,0.6874756925028674,0.726228550535977,0.7442830438821787
Peru,0.20167533734566,0.24539537642567447,0.2497368012165689,0.25429380070806873,0.2560955698480403,0.26428486036371224,0.276149971,0.247315102,0.284076483,0.329223089,0.33902454,0.34442183,0.34649950499999993,0.3447287880000001,0.35871304300000006,0.38326884499999997,0.40240190099999995,0.402037987,0.3553616189999999,0.374616335,0.371452135,0.3975346729999999,0.427185432,0.4169332680000001,0.382848059,0.37870595199999996,0.37532873899999997,0.36647205900000007,0.39885925899999997,0.434040511,0.4734098619999999,0.489552006,0.4938139760000001,0.49552140800000005,0.5098794300000001,0.524844653,0.5181464024805196,0.5305391396623431,0.5228508844917,0.5571311212429411,0.5826464198697787,0.5870761639758263,0.6437394941187605,0.6947326437797534,0.7119682803804015,0.8022769397599511,0.9056277321089824,0.9166889331009899,0.9386003746224391,0.959268642664664,1.0214874882544842,1.0852836368476075,1.0874943376324855,1.1409923030618772,1.161487679543393
Trinidad & Tobago,0.12105235363259115,0.12879858083384296,0.13729620375040044,0.14153143545491736,0.1459522315152814,0.16085009455702803,0.16252435300000004,0.224026671,0.22220909500000002,0.214035686,0.172458692,0.193916248,0.201746506,0.20312480800000002,0.179465763,0.172582117,0.182242416,0.21404215900000007,0.20883845400000006,0.20585304599999996,0.212742638,0.22118609500000003,0.20880331400000002,0.229474171,0.225758312,0.250513578,0.24976261861850005,0.26436245139255127,0.27866134023300004,0.29530805429108,0.3202498380747401,0.3628591416662117,0.3627637939364958,0.3682208209364958,0.4092537502445345,0.4277775864556368,0.46155164966178996,0.5008608804962456,0.5615473396959574,0.6175359464155976,0.6621414828501538,0.7733679669779628,0.7974920366487652,0.7857600217905601,0.7792481089545469,0.8419304428049923,0.8268222819844109,0.8139591474738715,0.8290622159248445,0.8248011416929798,0.800287355658419,0.7100359164546678,0.7534257940628264,0.7134483801385952,0.7137201414325771
Venezuela,0.6884619865842386,0.6950042209415453,0.7326815715026291,0.7899855626150872,0.798485534512245,0.8054636516334676,0.81808536382367,0.8645864919555515,0.9896455222796307,1.022913468067119,1.0632541578955972,1.1620624830334205,1.2948514265955875,1.3232027326092786,1.4583665882383101,1.6329950494278382,1.6940813480946006,1.727425280742731,1.7198252604878899,1.7524300835444957,1.798970845960505,1.9322550618691214,1.927042502405004,2.0059005784202233,2.022655680711834,2.148937217786819,2.158771921007014,2.336915245581714,2.3117352670126214,2.509695660678988,2.5854362649166336,2.5171654985065812,2.6607329635579826,2.8236589551711946,2.7233958273809344,2.7774443652884937,2.943988634147022,2.937563228871161,2.6377284418204017,2.939637264791332,3.0673997194685776,3.4100027690438957,3.4305888081681184,3.545639466456141,3.5303333413176925,3.328708661875775,3.4805137614926203,3.6232170446499943,3.533462347486555,3.4147569114939427,3.294575563010558,2.989410572778535,2.8551982091485435,2.454073309819427,2.226839267469379
Central America,0.18244727915075343,0.18556823754138269,0.19637860096388968,0.20172173126266235,0.21562651664684368,0.2249104190642995,0.2353684102174666,0.25660433083214657,0.2691886757707197,0.276938292537345,0.3037325592697287,0.31591592372877403,0.3191250723438519,0.3339412377644271,0.34168070429034475,0.3323051648667672,0.33658854415858824,0.33525738319074017,0.33606686845042494,0.33986191281644573,0.3480811688181626,0.36057381768081037,0.3840223843226159,0.38111217064969133,0.4052244158110817,0.41947338379431837,0.44411025392462455,0.48682850462380467,0.5227371070490145,0.5546368647762907,0.5985545942816303,0.6077562512990391,0.6411566702702718,0.7116803752792522,0.7356055358449125,0.7682891549171902,0.7947053496338737,0.8062536488555785,0.8425950546094458,0.8661336390983547,0.8755838095189137,0.921613309177031,0.9658684138723157,0.9896271303305638,0.9710113057754213,1.011050910950745,1.062634385561137,1.1000764405864116,1.1095961171494966,1.1457323395512071,1.247878331602559,1.3030808946114796,1.341144657523765,1.3960777928861479,1.4169586586636849
Other Caribbean,0.7921235604694467,0.820402809717741,0.8537563015191808,0.8721888230201205,0.8942189011244828,1.0238136261792,1.0588802090054652,1.130280716907324,1.2186051925133137,1.211736525659052,1.1787889653007144,1.2011348054361946,1.260209857149145,1.2936692559616405,1.3345969276952294,1.499631256268457,1.516097619184334,1.3253368913378822,1.2757943989667506,1.3512418607290133,1.2708509008008908,1.252440577349489,1.3024937015969003,1.316403389849517,1.3682370614517854,1.3488584967279453,1.3179768309351778,1.2496625756762463,1.2513674620645656,1.309109132591266,1.311016021863324,1.3589439480039696,1.4377324395161053,1.4918150932664929,1.4522063719998695,1.6470106591963434,1.6795240331894719,1.7056882689115946,1.7393481667786068,1.7553694985179458,1.7589474415641149,1.8032320368634087,1.7466723113781952,1.6862579289828998,1.5741457234255214,1.556945138223942,1.575599804901922,1.5682441762749826,1.537296965096795,1.518721598316166,1.5561211587399997,1.6065624318210394,1.5721666518420119,1.6335098012620288,1.6821422492736238
Other South America,0.11189382717835834,0.12806102271098982,0.13659354851263314,0.1412366285637511,0.15154620227548937,0.15862040863921462,0.17512676579513267,0.19419562759006131,0.20098688433469294,0.186326811368156,0.2053696348167557,0.20809425612241608,0.22135688382551585,0.25034996133554127,0.2609557295021628,0.2758880200768844,0.25937788415252827,0.250691415823656,0.23898242929091745,0.2411685307139288,0.28307138464041787,0.3711803759530413,0.43808536174012513,0.4651244344687269,0.5101765470026982,0.5519088549145372,0.5829860496796754,0.5909728837357249,0.6399672570291973,0.7162175879652801,0.8035573622134923,0.841258220443603,0.9131761948256676,0.9497308125443772,0.9495092021260909,0.9327712495807035,0.8633015496595317,0.8924750723368625,0.9341435507244188,0.918356016873859,0.9272551072666667,0.9265793398999961,0.9960796885853522,1.0242773573419772,1.054152502835382,1.1034334424627497,1.121483181968821,1.149250591715356,1.1876594520834018,1.1546338247655612,1.1864984820077575,1.2716344582432544,1.267671462339851,1.276416501581395,1.2170549108470723
Total S. & Cent. America,4.803843751696767,5.083908384804649,5.290255646409141,5.608899754155893,5.858677699522262,6.243044301846254,6.579271373321672,7.122988989882109,7.821090737365861,8.221731515048107,8.3321921339784,8.887310226416998,9.419465311969654,9.949664739021038,10.577907871685781,11.070034848929241,11.04714181855446,11.152853977613102,11.227836794410672,11.711925130716613,12.04566579819984,12.832636696099668,13.316455573315682,13.752922729673848,13.985779706508575,14.035618993954959,14.424457735640603,15.09880370119971,15.68015318288471,16.587972552779156,17.324432210517802,18.067478810177782,18.99574019274224,19.700123496415518,19.636835206796643,20.172814482569486,20.165686899033762,20.37637939775696,20.59120066143944,21.64939188526724,22.361058821499658,23.520382716285035,24.420258145295954,25.165127400103103,24.815479182096457,26.15694961709826,27.26197467514915,27.92924697751347,28.53478362025275,28.761416017245956,28.800937402739773,28.500120432581344,28.614204069662406,28.52896619154556,28.608751031558
Belarus,,,,,,,,,,,,,,,,,,,,,1.4689444462089218,1.6770051988195265,1.7014168112520476,1.7258449865186525,1.6691654590159284,1.600447601583229,1.5831537147618888,1.4978438868599646,1.199601112854336,0.9996505786556106,0.907001344527823,0.929989614998761,0.9392980235282831,0.9191729959709646,0.8947098036577502,0.9194354532290157,0.8962790604127424,0.9229555177467084,0.9188323010592336,1.0349198027010043,1.0312239972387907,1.0953715548191265,1.0696469007722655,1.082258602404101,1.0260115847368032,1.089400110151513,1.0832645252072266,1.1705093453771924,1.0322475113482055,1.065730438267154,0.9683987040102822,0.9632228078359089,0.9829310992090136,1.0483804009997997,1.0576082056922587
Austria,0.6718176769501014,0.7027889602165794,0.7098905110767545,0.7595373975603781,0.7881495779915778,0.9012019346384855,0.9002512221591271,0.9314194558912473,1.001043436593139,1.0040107361107904,0.9964771566069316,1.033949196385596,1.033673761997509,1.07899256767303,1.1418548577413636,1.1363651313836982,1.1015709414268398,1.0648248022925415,1.0620366376887478,1.0535647129573302,1.1062045634020592,1.1173057111272824,1.1782861136198464,1.1605392834720667,1.1672250905634032,1.1863369444759626,1.245317962605328,1.2231061211018013,1.2439504152128298,1.2368741110628128,1.2966690943036405,1.3006099591500875,1.327150753494855,1.3478766763843821,1.3770387713763563,1.3812996708829361,1.4327645665512667,1.4359211651328934,1.4546045744208853,1.4789848763272402,1.504185689710332,1.487180441596451,1.4526413510074918,1.4815707255717583,1.4315118686183308,1.4799979074074348,1.3859118524688443,1.4536945500329976,1.444243300514541,1.3841552149474377,1.3863101362428252,1.4321721926550048,1.4664212310486708,1.437320232551421,1.4998381697302703
Belgium,1.4864128905798,1.4320981199198404,1.5033838110671203,1.67533061569604,1.8386363179201204,1.9423568088388001,1.90551731554388,2.0257198989051606,2.05287372008468,1.9824695392476799,1.863168410834616,1.976171914006112,1.9790882039833764,2.0657486863237557,2.1256884981221202,2.0346572733128805,1.9344244657838399,1.8499159551229203,1.790855777204584,1.8710880265824,1.95202044020704,2.0133352284679957,2.073728959424408,2.114959729052892,2.131103576465964,2.2583014649528432,2.336223402785424,2.32768536490527,2.2906555990404254,2.418020891427493,2.439250665080392,2.593230233159124,2.6171745054716324,2.669783877024313,2.6478151519114785,2.7077916480157174,2.6858202093733285,2.6748182982177977,2.775891607524931,2.7853021108841363,2.753213388023623,2.7589914922866496,2.7757322604653627,2.823449758202996,2.637866731342994,2.808521433124496,2.6177031071763084,2.515726863300798,2.5804402113849068,2.404520571865067,2.4390365147073862,2.6273400318480045,2.6574442415525144,2.588582319794407,2.7126988031999053
Bulgaria,0.430442038,0.46153874400000006,0.5363217420000002,0.6001334220000001,0.668657294,0.7523020830000001,0.7833891970000001,0.8061941540000002,0.8374068720000001,0.8625685090000001,0.952994197,1.0086351940000002,1.0625134489999999,1.1006919469999998,1.1422482790000001,1.2058497710000002,1.1874283710000002,1.216574054,1.2243272950000004,1.217173582,1.2084960750000002,1.232987534,1.2423496360000001,1.270604578,1.259768342,1.1620428605103073,0.9436077659242509,0.8856595584549306,0.9413764325267362,0.9059155494201245,0.9724452415037406,0.9721128518103301,0.9180967342806953,0.882149762657686,0.7720594962798235,0.7766285762864715,0.8095646052140825,0.786672757002601,0.8101721169751815,0.7850122068148407,0.8484520415032958,0.8690417714084024,0.8418308590290425,0.8282337556579286,0.7268343456348694,0.755842285376754,0.8040554747496444,0.7640826483751718,0.7065413464870055,0.7518937202041179,0.8002081430152713,0.7576174422698715,0.7743210251926479,0.7725560833739465,0.7471597392899096
Croatia,,,,,,,,,,,,,,,,,,,,,,,,,,0.35917644753200006,0.30151972548000006,0.287068683064,0.299459951612,0.3019935127600001,0.31254098154800003,0.334194577592,0.33231939068000005,0.351500615968,0.36279940856799997,0.343415694732,0.36086095171870125,0.36210927366606455,0.3792990906673846,0.3931484739282038,0.38900355688481003,0.38447900051720774,0.3875058240107235,0.3847114527519252,0.37882812781287245,0.38406654562885884,0.33676579369307313,0.3120443713410908,0.3401322651042771,0.33948332536632336,0.3227887779171428,0.3353515862623432,0.33608442571200003,0.3519188894670174,0.34003810661437206
Cyprus,0.016848902000000002,0.019219077,0.020834117,0.023138106000000002,0.027323257000000004,0.028817385,0.034374652000000006,0.038653286,0.041469013000000006,0.036767103,0.030708827999999997,0.031223014,0.035269141000000004,0.036160147000000004,0.0366942,0.037003194,0.035482297,0.042529651,0.044750447,0.04540496,0.04883536699999999,0.050916378000000005,0.062210971000000004,0.064242021,0.06592331700000001,0.069388329,0.07024376400000001,0.082068048,0.08528464000000001,0.085436497,0.09083042300000001,0.09217734400000002,0.09306584200000002,0.09880778,0.10397044400000001,0.10893997900000002,0.11019475000000001,0.108669371,0.11551788200000002,0.1124216346433121,0.12597345454430378,0.12388182175472624,0.12594777931330636,0.12905311882815715,0.12595489610972851,0.12250502104429423,0.12122221007626735,0.11354308322909092,0.1015256479826506,0.10158403517370929,0.10473715180551346,0.11390846265233137,0.11699285442893258,0.11649494448368422,0.11664082633108153
Czech Republic,1.6861615320000003,1.6988670620000001,1.6725614130000004,1.744665257,1.8191461290000002,1.8956340320000002,1.9925447580000002,2.003828014,2.0158951490000003,2.037043744,2.120308178,2.1796903029999997,2.2510656100000004,2.282668718,2.3065143809999995,2.2334608850000004,2.217081276,2.191338982,2.1948082120000003,2.26798378,2.2718418590000002,2.296259384,2.347826779,2.3581136050000007,2.285869651,1.964823054292,1.7881890388800001,1.735186944398707,1.72090645953415,1.6751225142675008,1.7458442818811946,1.8060495798146181,1.7318316710394692,1.681162025368836,1.611449083377069,1.703295882997841,1.741612165655857,1.7458443505499177,1.8452141083640843,1.8908368615418134,1.8618945537219542,1.8972703708825636,1.8761111541025002,1.8394721197380535,1.7633633195465106,1.8366502401056481,1.796346829256947,1.7849072607123289,1.7501479211453441,1.7110665848920283,1.6816833749481488,1.655952626697385,1.7300603310641594,1.726898143541483,1.7051956397498524
Denmark,0.5983336558000001,0.6805970864000002,0.6844283931999999,0.7151871396000001,0.8209535534000001,0.8747464410000001,0.8266710740000001,0.8724167038,0.8440749412,0.7679145684,0.7568485672,0.8331831798,0.8502645888,0.8626075588000002,0.8608764808000001,0.8386304736000001,0.75326086,0.7199482638000001,0.6843206061999999,0.6957635528000001,0.7840305436000002,0.8013410248000002,0.7724845186,0.7639737618000001,0.704453164,0.7263345108,0.83724986251304,0.7839067126519401,0.8309223594155802,0.891391295323127,0.8752866704757924,1.041554390568884,0.9440765819960718,0.9098430692571141,0.8818338253947047,0.8467743955974615,0.8488475866096423,0.8461467391214482,0.9111048176265584,0.8607052804428683,0.8301543692840309,0.9150705459066824,0.866971903872781,0.8340538686781647,0.7840205468605813,0.8232411330914899,0.7766467666085889,0.7180564789600237,0.7500977195392201,0.7246418202906101,0.6990482411434575,0.7052372607529458,0.7090185029925479,0.700348936042381,0.6968207127014977
Estonia,,,,,,,,,,,,,,,,,,,,,0.42642940338684027,0.4243782708751901,0.4307988593041214,0.42347831347133363,0.4364102058191722,0.4335017245134227,0.39114390974975843,0.2833785839646263,0.22476913303179322,0.22707157774931658,0.21194097209967305,0.2234526890521999,0.22100852318111164,0.2067822198022284,0.18961023408856217,0.19401530308531661,0.20169627396419793,0.20047848213543432,0.21785390083820158,0.2276553657516191,0.22418148196007884,0.22063548499801688,0.2501123431110949,0.23893005073465134,0.21226365539041472,0.2567862309172731,0.2645980950551347,0.2676360025462509,0.2769695355570839,0.2701677032682037,0.25229026178842895,0.25382979506890246,0.2802840498365985,0.2968185232936508,0.23868362449688013
Finland,0.4094184444433535,0.46621720814008083,0.49020509505692933,0.533344056000889,0.5880714876785454,0.6480060102424242,0.6648021228080807,0.70146171679798,0.7735770777979798,0.7403860490303031,0.7526278530909093,0.8004262628181819,0.8445641174497608,0.8782973803056886,0.9485936161281234,0.9446944782769805,0.9500879744928229,0.9379896395730994,0.9283732488607126,0.9678482802115896,1.0166402742381713,1.0284280804779373,1.0823832288017012,1.075514157994684,1.0805254726714517,1.1511460701245537,1.174536498670503,1.1677445598361134,1.1816701843730557,1.2432568673789481,1.184076682789089,1.2410243862694856,1.2533633768873669,1.2970216245811486,1.2734062042134162,1.2822913765311605,1.3109335547822116,1.3240295484827895,1.4200991609224796,1.4069804345633599,1.2787820181508442,1.3692588422872451,1.3657308794269734,1.317473296733778,1.2226087905810696,1.3296187757972247,1.2376903044426373,1.1981967774277946,1.2058645785521376,1.161523786982447,1.1518367412274022,1.1804914823483663,1.1419662644141144,1.1471137168659724,1.0976855957181872
France,4.684322860249218,4.794175689270982,5.107205099623379,5.389032489888274,5.940526753297736,6.4517397307350945,6.713648770544809,7.177823589670711,7.7971474384353145,7.651406323510126,7.202792105561951,7.67808012904318,7.762289556184413,8.114521733014595,8.354651123668159,8.245627814354819,8.154019414072,7.85066545748,8.040824471884001,8.306439085240001,8.578297752728005,8.786792732284,8.9437933069,9.058563473252,9.184350008231998,9.463120403260001,10.05903052404,10.135378771233714,10.133789898235666,9.999598522858493,10.239786727611202,10.625216500342136,10.480612228197481,10.726418594439481,10.909838343375224,11.049863838747713,11.180791030448486,11.070242427192264,11.185865657178566,11.277238335802656,11.21507715825888,11.12135031291217,10.924489765037267,10.954746657765057,10.344609228230311,10.651567674084136,10.239094229670217,10.224902079182325,10.31271036382584,9.87093454886494,9.923426616846069,9.76165701710552,9.700114124653323,9.871245120499182,9.679135769970884
Germany,10.678971250599188,10.705835386205608,10.678946041753594,11.402203314677791,12.301291687877175,12.985578497273613,13.105293662089124,13.560713910114217,14.340475327803729,14.08880430859687,13.534569421603612,14.443665327970898,14.403810536092514,14.92458913044245,15.753260767990177,15.234046088106062,14.756407095787056,14.233543424689413,14.43548376679858,14.964360782244832,15.401688971841962,15.274408513840521,15.402479917585385,15.451627624413558,15.287518290279992,15.047342504,14.681669691999998,14.384913078004518,14.321102272400216,14.185761116587198,14.257817171003277,14.72924631441778,14.537099266765777,14.422281028345132,14.217506470385318,14.307412117121967,14.560113566610765,14.367188061773543,14.353340702552913,14.339468143893152,14.165917198913617,14.513228433981308,13.890021682252781,14.028254734552661,13.15429710897698,13.706189659343554,13.202162481426827,13.368851392545453,13.745959312771085,13.166279172407782,13.39985761297857,13.619722993537277,13.783983269709596,13.439342419746612,13.139899974414192
Greece,0.284409496,0.31082410800000004,0.342360876,0.356015359,0.37567291900000005,0.417204996,0.497366772,0.558132225,0.642726858,0.628262611,0.7125428100000001,0.787453597,0.816644469,0.830329686,0.728630797,0.721791189,0.705265568,0.714761976,0.7195659360000002,0.751049009,0.7934682570000002,0.794881294,0.8696948120000002,0.9186349540000001,0.9962244909999999,1.0490713886321896,1.0572630729111603,1.0730402395288812,1.089833007403523,1.1088729077245456,1.1488482047765598,1.1800577733958417,1.2124536159201333,1.2881349879618031,1.2859984945024634,1.356178133932536,1.369310346759799,1.3749601464749648,1.4452311795627946,1.4475551198341963,1.455696174072885,1.5045934256891644,1.5336922251738707,1.4792302013188214,1.43094848065645,1.3618218640124777,1.3270200931637595,1.2553286891347084,1.1884869330819399,1.1187982289293965,1.1262716942409081,1.1078979051740023,1.167196339848209,1.1612224010368697,1.1455495341891393
Hungary,0.6658631099999999,0.6748017540000001,0.6439598360000002,0.668123772,0.715483514,0.7708460880000001,0.7958873050000002,0.821729805,0.8898334220000002,0.9170889009999998,0.970882981,1.037250587,1.090630635,1.166446592,1.1550439790000002,1.1585473700000002,1.1467832990000002,1.1518748440000002,1.1314964560000003,1.1619354720000001,1.1986788000000004,1.1928719520000002,1.2454817640000002,1.2161622220000001,1.1845693390000003,1.1711144667174864,1.0951369592279212,1.0325647042431778,1.0178837669935419,1.0312945147319836,1.0379616179117477,1.0566111777183398,1.027356924310501,1.0386191784903975,1.0406090094511662,1.0071722100976632,1.036074417536292,1.0211945287765363,1.0280726555262392,1.0354102053357646,1.1061034262389886,1.0897121575449988,1.0744023419208804,1.0584121452238198,0.9706596536955161,0.9907438301994322,0.9856890717030802,0.914938479690077,0.869509716647923,0.8717802295529227,0.915572617279149,0.9308907824960854,0.976669412531847,0.9833597701827403,0.9932954857906223
Iceland,0.026885552023999983,0.02822468933599998,0.027937430183999985,0.029560844775999982,0.02940447843199998,0.03545983495199996,0.03859484827999996,0.04195617147999995,0.05065304867199995,0.04933012573599994,0.047306690999999935,0.048870110999999945,0.051696423999999935,0.05398426999999994,0.05624523499999992,0.05692244799999992,0.05803525179999992,0.059411944799999915,0.061311740399999905,0.0645325911999999,0.0638764037999999,0.0667737033999999,0.0689075203999999,0.07266909739999988,0.07526764419999989,0.0753364555999999,0.0735384117999999,0.0761366292,0.07909471200000001,0.07997920979999998,0.08253604379999999,0.08745841068000001,0.09161587889999999,0.09908891607,0.10853906320000001,0.11524508620000003,0.11643655403376625,0.12093807098975523,0.12153335928210655,0.12401314586768644,0.12452044185274204,0.13670288240875536,0.156155275185495,0.19477635672848587,0.19447133063701594,0.19446279445205053,0.19448786316453662,0.1964141864940243,0.20268849553560442,0.20242105364580457,0.21126601060791556,0.21232395205596766,0.22212145503325942,0.22919942802266288,0.2196264198055875
Ireland,0.242979458,0.27235543100000004,0.29529264400000005,0.34450096900000005,0.34576337800000007,0.27237586300000005,0.283140603,0.2988136880000001,0.314117321,0.31953154600000006,0.2989855,0.30517537699999997,0.325187948,0.33835203599999997,0.3730981070000001,0.360987694,0.352212338,0.349717695,0.3446557539999999,0.3410426900000001,0.35779602600000004,0.38641717400000003,0.390946463,0.3889534900000001,0.40085074000000004,0.4208721647753863,0.4359833492405846,0.43897678986891076,0.44855551276275485,0.4662659594191953,0.4754761619158571,0.5028209356469813,0.5247809770725654,0.5644267420013155,0.5971097947371351,0.621016832787991,0.6583237721958485,0.6538268292594741,0.6369282652587809,0.6453009165772247,0.6735683582874602,0.6876039399134167,0.7088587411137929,0.7056713171006231,0.6439943071031384,0.6423609213560755,0.6077783663815506,0.6011209712530925,0.5891067893387031,0.5877974942188607,0.6226449583271019,0.6487987668838504,0.6509851172444927,0.6653885375741118,0.6632751369072069
Italy,3.313500382,3.5992210590000004,3.9012614880000003,4.2178992939999995,4.5430432,5.018087401,5.285706687999999,5.543617118,5.789507085,5.786941551000001,5.662812547000001,5.979511270999999,5.991596973000001,6.1430829639999995,6.336270423,6.173492865000001,6.045334218000002,5.924759869999999,5.8000460380000005,5.889991957999999,5.866907897000001,6.026998503000001,6.209815159999999,6.362649933,6.545531974020202,6.574578072911192,6.723309829314789,6.718823667907193,6.611313237918384,6.5991481305051725,6.8705400294163645,6.879929951518666,6.976467240140001,7.162009318244002,7.3878894364160015,7.492692011652,7.531196567233974,7.470848305899356,7.715526250960309,7.855560478029188,7.8638945736361485,7.826898039610514,7.680381822036259,7.5739200446132795,7.070730887168634,7.284541226140623,7.115247554382236,6.921378372582605,6.593795765377066,6.230789319896693,6.368685870928555,6.430576100741294,6.493947022048111,6.529209499418703,6.37351481906402
Latvia,,,,,,,,,,,,,,,,,,,,,0.3807173971834662,0.3536308865068335,0.3220558388876847,0.30426856885917664,0.3038061737748557,0.30837789287792244,0.28473346058588933,0.20369840671858405,0.175104521323662,0.1693107818264633,0.15855072965367345,0.14807411175197102,0.14847380116943465,0.16087744535748635,0.13715939856593065,0.1340931166753502,0.14458948014424994,0.14611371417377775,0.1443872260652747,0.16197516832635214,0.16690036601912356,0.15860630138094864,0.16356091067794748,0.16445176246998178,0.15558875057617363,0.17657158828857716,0.1576466149067776,0.1624637985013433,0.15640895191848717,0.14389979197901534,0.14722362877637174,0.15660680264121382,0.17129152953669216,0.15566327896364313,0.15883948827640115
Lithuania,,,,,,,,,,,,,,,,,,,,,0.648202906019084,0.5978512501574855,0.6265962054441746,0.656947313868373,0.7110318403212087,0.7228652481461584,0.7644695802155367,0.46728993498807586,0.3651585721626016,0.31572258901897027,0.35215173651924114,0.3830257062173443,0.3534233326000001,0.37898315019999995,0.31540466280000007,0.2788943038,0.3258382385584415,0.347331462483871,0.3641201987076923,0.367272188956003,0.3340826223165151,0.3202015080414439,0.35023369756218525,0.3471198067314827,0.3184823388053346,0.23586375719447855,0.24478905474146348,0.24575052734545458,0.22657155599879517,0.2185156712041916,0.22818542375714285,0.23211875211893493,0.24496732570000002,0.24607543871578952,0.24483326660152271
Luxembourg,0.1504388518,0.1441558152,0.14196856440000002,0.15354995479999994,0.1652614134,0.17159681400000001,0.1650088886,0.17015187880000002,0.18038414980000003,0.18316979220000001,0.15215227180000002,0.1524080006,0.1422091608,0.14795261580000002,0.152075173,0.1401823286,0.11987518079999998,0.11231360280000002,0.10498811260000002,0.1131147314,0.1161654376,0.11354992180000001,0.1072957068,0.10996517600000001,0.12634759960000003,0.13368069862344975,0.14366840931027833,0.14409146045869753,0.145982696566156,0.1403590545926331,0.12207871461350708,0.12557565610785215,0.12289017081588136,0.11864911700144044,0.12540017419711916,0.13380610413452046,0.14338890994439502,0.15677281062291176,0.16440882851658128,0.1862368614665074,0.1890054464205353,0.1856344718760341,0.18020990310338772,0.17887191794882598,0.17106073270565894,0.1801298143766102,0.17547790356682497,0.17227528616547402,0.16409902952088315,0.15894480493494975,0.15447451528932024,0.15243444737284073,0.15891792142349412,0.16634386979220023,0.16999690736962214
Netherlands,1.4902563370000004,1.596158762,1.687680101,1.8878092289999997,2.105164568,2.375192768,2.5046912110000004,2.9092273160000004,3.094615969000001,2.936741619,2.960328511,3.2285903640000004,3.170639956000001,3.2343703809378073,3.3415405207129836,3.1374716719859235,2.9751545980118173,2.750663739745398,2.7639241846937246,2.8697047712320902,2.9607551500373264,3.1073705092178705,3.171349443289122,3.1816855123123093,3.1962025124203253,3.2768013072821383,3.3390691278630147,3.3787106390794612,3.4067693590225634,3.370039640459302,3.507219307879146,3.658405530411283,3.59279429248285,3.6177123162217217,3.5736274813587134,3.6200719641556667,3.758873770514954,3.7595943571591777,3.7850372495245077,3.9116158479542653,3.9923285553134127,3.910303383886084,3.9764439191905847,3.9263872060411313,3.8695131974018846,4.095415114515177,3.919860919288697,3.791518932651453,3.6783793771808577,3.474206947634183,3.5166616338059073,3.5789425662824796,3.530837626284098,3.5261021389175773,3.511168769883968
North Macedonia,,,,,,,,,,,,,,,,,,,,,,,,,,0.10645767345223917,0.10546363372491764,0.1083059137710914,0.10866932171675388,0.10194214079562713,0.10262731429398153,0.11926075789038025,0.10746838858527713,0.12142765114198381,0.11611814100168756,0.11029693972041117,0.104087190746082,0.10161929734453201,0.11424277543790837,0.1127456994769365,0.11623651472504844,0.11809724060622767,0.11760313680894989,0.1137169934473104,0.11176266482753043,0.12053432142859045,0.1208441083603922,0.11230874526865839,0.10749600020373026,0.09990819277053441,0.10491098675223225,0.1088504238732536,0.10510318429989686,0.10455201996116827,0.1118782261170157
Norway,0.7436181966279999,0.76196949508,0.8176676816679999,0.915757743268,0.9190258537360001,0.9631505014320001,1.011705797248,1.0726973282999999,1.135750796072,1.1441680953520001,1.161145527472,1.2424695929240002,1.1464741906319997,1.2865911578880003,1.3763283048480002,1.310102472008,1.3807244610640002,1.3640418692240002,1.4969646481440002,1.516455748944,1.501541177504,1.467330445052,1.5402031519160007,1.5860786211880002,1.6882456207920002,1.704955848890656,1.5730841924877865,1.656221137093626,1.7098640780597798,1.6536808531773792,1.7528086862534376,1.6126980834820561,1.6951628421961944,1.7619071015193442,1.8069004673977205,1.997933180606623,1.8123726224007168,1.883353655899821,1.6678746467689902,1.6982352392592603,1.9331031844321949,1.7726219655093696,1.9007975641238664,1.9455156957555666,1.7981694791719545,1.7373564828551356,1.7561450074373934,1.9455391794056565,1.8206177737021374,1.869824455812131,1.8941069517051392,1.9142348249686845,1.9218452434583457,1.904256925346744,1.7668117034624065
Poland,2.793174837999999,2.8476067040000004,2.9307965120000006,3.1542017860000007,3.369190036,3.55528559,3.667753764000001,3.8684618840000002,3.9409580530000006,4.070803236000001,4.391371144,4.626544029000001,4.823837591,5.064854979,5.140185296,5.382382986000002,4.852721255,4.941613239,4.964126143,5.160677617,5.27740528,5.426387693999999,5.602524825000001,5.495561878000002,5.28909226,4.3561908780000005,4.2619471002000004,4.075489969,4.073600108999999,3.8982538798000004,3.990083163800001,4.188775396384643,4.147627758938095,3.9732975362482077,3.896117603960487,3.661396692718818,3.6354526024965272,3.5963029690764223,3.7213078523182404,3.745534884825516,3.8275317519135013,4.016109667890193,4.003199370601906,4.071193201007941,3.9246115796483143,4.182579089847029,4.20315661402599,4.07513346436563,4.0867175325581675,3.9346251082506134,3.975768607625293,4.150786287857291,4.3152453300000015,4.383125851251301,4.276775196546643
Portugal,0.17651210400000003,0.192701392,0.20617943500000002,0.21014316700000002,0.22718970500000002,0.272754726262,0.30054988401,0.3265573905309999,0.36118057674500004,0.378017136878,0.3764900592219999,0.37359737061900006,0.42062325007000007,0.442815344788,0.469771306958,0.458049814204,0.451561462973,0.4877024809210001,0.504397520374,0.5246028393889999,0.534570947715,0.567572519653,0.5805638393170001,0.6428833475169999,0.6989572639031011,0.7075340504068304,0.7343883095416506,0.744922415976592,0.7641466842040849,0.7906145395238917,0.8686691520867206,0.8918647415224105,0.9058093596179866,0.9890708048440089,1.0152503039007768,1.0465945176795661,1.0603159781209197,1.055883300938846,1.0794842338240298,1.061648438028315,1.061981845340664,1.0494346813954667,1.0570821155207428,1.0208476923273306,1.027143548281754,1.077303232517214,1.0287369282946948,0.940491606204017,1.0278875292891991,1.0346862622978774,1.0287598530173152,1.0829590793365709,1.0741209332373722,1.0769679911519203,1.0428665402527286
Romania,1.0027468759910398,1.0695038106405002,1.19328835550418,1.2697193667359599,1.4594923464907281,1.553449921768196,1.6479357983999998,1.7350556229000003,1.8880965332999997,1.9007146260999999,2.0729996801,2.2352029003,2.36975682535,2.5518663512999997,2.6020234388000003,2.6264947876000004,2.6326964107999995,2.6105376123000004,2.5934571598999994,2.5738874378,2.5654523939,2.6213239958,2.7183895128,2.7665543827999994,2.7720936618,2.639412175077891,2.238587531752,1.974874527744,1.9185597906599996,1.809046309772,1.986519893172,1.974583039308,1.871497254312,1.7105048995840004,1.503297594176,1.5024873837400001,1.5196493984983377,1.577310708755613,1.579050681182154,1.6348163862530445,1.636073243312253,1.670872294799849,1.6127870438619318,1.6159227278870716,1.4112263706369164,1.4214609627677726,1.458856979302634,1.4032357406592726,1.3053536283233251,1.3519378742330053,1.3583987012919996,1.3585084068887092,1.3832717432000003,1.4091590023685034,1.3709341047154608
Slovakia,0.38317621626873777,0.3967266440488614,0.39901196420193036,0.4405856251550294,0.46037776142979947,0.5089718218926255,0.545960106,0.574159779,0.597475395,0.6282381390000001,0.657776075,0.682378403,0.7171248060000001,0.752560263,0.7740908820000001,0.786155174,0.7800609439999999,0.7716950600000001,0.7737974330000001,0.833710487,0.8594184220000001,0.8517362950000001,0.8709235729999998,0.8754167669999998,0.887753424,0.8902722111800001,0.7964562167520001,0.765846117132,0.7512071244640001,0.739117461268,0.749489466248,0.755182490356,0.741353771932,0.7490720707920002,0.7549487693200001,0.7791654506279999,0.8013573984211695,0.8077242369147061,0.7835578254346031,0.7628277350961188,0.8040860943243991,0.7754885301358954,0.7273621975369309,0.7526948716262113,0.6852956543003654,0.7296686455632129,0.7015758897846829,0.673732002030909,0.6903789190897831,0.6431076668067782,0.6491544165977141,0.6518666636594375,0.689400162836,0.6785085572663159,0.6572924286472765
Slovenia,,,,,,,,,,,,,,,,,,,,,,,,,,0.24655984302698974,0.24648131950875252,0.23050986992924197,0.23716006022036745,0.2522350806567017,0.26506580199710694,0.2780222348775635,0.28468239128845824,0.2852560698867432,0.28211064763632204,0.27945270801550587,0.29222787681403745,0.29094316559705796,0.2855917826453406,0.30271882873894784,0.3030864858877012,0.30587282163957513,0.3042965801410877,0.33279284413234017,0.3069939898997199,0.3076328776716572,0.2989195121583083,0.29021742434910425,0.28666433011192227,0.293097222032285,0.2652469591940055,0.2833380466656819,0.2867093309384994,0.29228906767137847,0.28026194906331664
Spain,1.2019625170000001,1.3569037560000001,1.466934544,1.5431175380000002,1.7448277010000002,1.885351874,2.0747758160000003,2.242428942,2.4611120730000002,2.561172119,2.633977264,2.818938959,2.911105211,2.9225804640000006,3.1461575899999996,3.172538449,3.2023361699999997,3.1980792859999996,3.2733269880000004,3.320407431,3.293090736999999,3.3641406359999997,3.487520305,3.6366308610000004,3.820775490060606,3.819150386611768,3.9535725425751598,4.150020144381392,4.011772127690192,4.199991949859969,4.3645218153902245,4.527993082935321,4.781276922781738,5.009042137298683,5.169110544696902,5.46387957953233,5.71379535390378,5.782654518257485,6.119392375838466,6.36548924555191,6.420901820193389,6.51107921810793,6.640876605541979,6.452499087702657,5.96515677321039,6.112694714395561,5.997963046848671,5.965188128510943,5.646698288441008,5.538923076575546,5.612640838385813,5.664963016872161,5.739024482114389,5.818433192032237,5.721350389616255
Sweden,1.3846790685894868,1.4791695335973079,1.5133737859111744,1.6186121135533524,1.6229809354215534,1.7245300373039867,1.7493432091254069,1.8014690233640764,1.9037532878635668,1.7604546517010067,1.8658857323711682,1.9865410219860553,1.959996895080837,2.2822475338489663,2.407555046485574,2.262952499992874,2.241885057962808,2.1322093335558794,2.112913551488413,2.234480888177385,2.42876807393849,2.5235537906754777,2.462961147926499,2.406280942915997,2.351306722819191,2.3919756655233195,2.269437809368485,2.2824172568064274,2.2572110103468073,2.2649080943738458,2.2862187023739806,2.229767483378728,2.2990300259065912,2.48881070370174,2.4165718283701887,2.2326569500731397,2.39692643875763,2.2473666936495595,2.1585264416147494,2.3180264133026727,2.3772679226885587,2.2353265993117146,2.264132487605147,2.2255181762254463,2.0378512502837918,2.159398814744151,2.13305923593826,2.25941939627655,2.121045620320869,2.110852911451216,2.1760993699636377,2.141572723933411,2.2100759232587683,2.1665397914424447,2.2417286404793777
Switzerland,0.641339269,0.688221126,0.7347389850000001,0.7729109470000001,0.800908432,0.8774356110000001,0.8984717019999999,0.8873605090000001,0.9810340020000001,0.9360527750000001,0.9694766770000002,0.928909289,1.028363835,1.0144492720000002,1.0110448310000002,1.0810929850000002,1.07837455,1.0556275740000005,1.0993280520000002,1.067091598,1.1395550063864963,1.1967733615459861,1.1882544386443383,1.1968490301759702,1.1205108179819245,1.168925200322169,1.199809388266879,1.2189662352355133,1.2148997887182351,1.2754772286608187,1.2095150511972357,1.1714099431903244,1.2507591412440193,1.2582238795720362,1.3120706955784156,1.2809449749649122,1.3673056404721928,1.2744539454415804,1.2607561915629983,1.2428349455979948,1.193428703937387,1.2420506462067178,1.2251834853686363,1.2664850672490875,1.2630492844234484,1.2292561654034293,1.1672905384812338,1.2315232754940373,1.2640967989324243,1.2050278258194167,1.178408091631396,1.1086533021068465,1.111295856330244,1.1280371628932222,1.1301608230285884
Turkey,0.32760504,0.376007913,0.388962254,0.45282054000000005,0.494408629,0.5258539430000001,0.5826551719999999,0.6508049140000002,0.738196487,0.752361258,0.837132633,0.9418583849999999,1.0312454720000002,1.090058466,1.0272885069999997,1.0670675569999999,1.075978432,1.1741126979999998,1.2156468349999998,1.279067186,1.3821610309999999,1.506861178,1.7145128270000005,1.8798928470000003,1.851817977,2.0082420269999997,2.0506848460000002,2.1546537100000007,2.3384254070000003,2.2659855880000004,2.5347924820000003,2.763991117,2.8926779750000002,2.9656551330000003,2.8919965989999996,3.092636238,2.8125345834025977,3.0729641567096775,3.2544930569230774,3.4800427870191086,3.5634728506329116,3.9533234897358493,4.205131596625,4.220822125999999,4.275953466222222,4.501385009147239,4.810274340886867,5.106205354571702,5.066828767087881,5.231756664000001,5.7232265130018956,6.010745012074971,6.372652632954437,6.2890483104257235,6.490251816401665
Ukraine,,,,,,,,,,,,,,,,,,,,,9.991999514109473,10.038549257049567,10.251915938767036,10.256079356745325,9.81456534294636,11.416146712085073,10.569402084061464,9.209604205694244,7.7977482906706,6.592370170435787,6.352801351728157,6.116402028442789,5.772507866948247,5.647491742857592,5.674500544587955,5.693265570385734,5.617965611677988,5.568900524587616,5.704553155824785,5.709616306906301,5.734360627817682,5.812515041307123,5.778058636420354,5.59243230990663,4.746890131457916,5.077922060475215,5.274471536126894,5.142086511418826,4.87740352461413,4.288918496348389,3.550745353048839,3.721956356807149,3.4563544699775015,3.5424474938979627,3.4053260786826103
United Kingdom,8.33217842,8.371725479,8.373413642000001,8.673094165000002,8.987065320000001,9.175234446000001,9.005758119000001,9.138020592,9.593002311000001,9.109589046,8.588696660000002,8.763788649,8.927457302,8.979262683,9.399525426,8.561539160000002,8.323674066,8.214225942,8.246208772000003,8.241763436010102,8.590924850010099,8.829617992010103,8.815988921999999,8.931675788010102,8.940783925000002,9.011881163,9.201251503,9.141794641,9.245090948,9.132988562000001,9.164327611999996,9.609103907000003,9.440474661000005,9.540156386242334,9.4918700959395,9.572985402071884,9.678791830345066,9.461329270751214,9.5954488514421,9.646528938571622,9.751651218255706,9.632454688640031,9.346921810397747,9.177793616926966,8.723006614898289,8.938228548736712,8.449903618912693,8.553607719356421,8.511986090890115,8.020494167215816,8.110580885873965,8.013990723435576,7.9913314180475865,7.96442317570169,7.840162196570499
Other Europe,0.6609048983669163,0.6953697168129039,0.7051375093845603,0.7759887323240963,0.827786472649925,0.9134279205792123,1.0679331439857223,1.1129796147685527,1.1675239945510323,1.2936943233336997,1.30461279611638,1.39008301989891,1.49060444590154,1.6221016616150825,1.7586466563856624,1.710857065860255,1.7018073015359612,1.7721584338366791,1.9108341902943857,1.990790948203092,2.5449106323623405,2.669940306420281,2.703127352845585,2.7861882508819145,2.7054069239137264,1.910354790450492,1.6839948114548544,1.4727232357744935,1.2705642695717791,1.085768601251687,1.113423473684718,1.2171684848001678,1.3101311995708422,1.3304483527710123,1.209851000924373,1.2992819138223208,1.356195410371935,1.421414983499278,1.502070297511623,1.6311057125147739,1.6086096362913087,1.6492469910997636,1.6014219417967195,1.6393037189465005,1.6636451802234131,1.7767442998277079,1.745142896599982,1.6359182187129373,1.7290595291147202,1.5863370980510676,1.6923201818137994,1.7945968755281416,1.786536435767352,1.8867201405252008,2.0257802651897148
Total Europe,44.48495988128983,45.82298452186866,47.173741832031624,50.32698294503581,53.98580272172516,57.49659308091845,59.04973160179415,61.87185453132294,65.43388433891846,64.52770243319647,63.875070277979574,67.51459544835194,68.63773435434194,71.26818458973736,73.92590372464015,72.07896362628549,70.21424326051016,68.89283743114093,69.52276997753114,71.32393360239182,85.29085159096984,86.73028552316154,88.48537103827292,89.41364488813068,89.08428886258551,89.93227063405443,88.63046563581142,86.01577827714723,84.31250174185826,82.51381570348899,84.12271542400762,86.43705087019332,86.00651466672727,86.85249291483618,86.45977978468882,87.47387574839354,88.49620925427925,88.11592212753796,89.70055900080455,91.0048652180829,91.43472677486629,92.22513850526849,91.36588920994473,90.91632842653266,85.54836428534048,88.68906304183731,86.65653483908211,86.31743751809626,85.42591315014376,82.10290104792335,82.77257763553565,83.90089271097249,84.75659121667569,84.75571237421987,83.81547714887867
Azerbaijan,,,,,,,,,,,,,,,,,,,,,0.8442044369155274,0.908828778327393,0.8807174591434949,0.8814499809473251,0.8988588215866695,0.9360200059285212,0.8992732960343701,0.7700246038383576,0.667472088300741,0.6134724625846704,0.5768744252808835,0.47294198240204327,0.4527351092852003,0.45436801015677386,0.4526591337160946,0.47257533610852104,0.4555797487593884,0.4498207086617185,0.486586317159292,0.5517702757319746,0.5981868901878481,0.5885875322007548,0.5324387682203219,0.5376109340772601,0.47496962498913026,0.46849233917336824,0.5211879587978829,0.5369692250638779,0.5520886413580323,0.5630485674129183,0.6155963101652656,0.6096547637788096,0.5980666176233136,0.6154068329115916,0.6557243083645862
Kazakhstan,,,,,,,,,,,,,,,,,,,,,2.862336917178882,2.928217047990625,2.993643324572772,3.1021360734894197,3.05345931103922,3.089179289888228,3.0859735878723957,3.0463820548776006,2.6883353044440006,2.3931125353919285,2.149985601860306,1.871579067722762,1.6502243345387577,1.5548296585831087,1.4611029125081167,1.3424107430903998,1.5111398091402597,1.5468405632064517,1.7038042611384614,1.8071873876579805,1.898036406492043,2.006412750556681,2.2354135516972833,2.3580054514851003,2.131877674166579,2.2983271515274155,2.5313198754950417,2.623391088532495,2.6557700874990995,2.695006936482675,2.6616865076711465,2.7039610392742426,2.857123866132958,3.1524255530611915,3.099800999032656
Russian Federation,,,,,,,,,,,,,,,,,,,,,34.27409200177145,34.87939211665118,36.02177437036852,36.65220647452218,36.78861700722146,36.14082160272608,35.64480448861724,34.30269710273108,31.970740139037286,29.163738588154047,27.59215196961797,26.56447800809697,25.114668092165864,25.06799915197955,25.381731469511873,25.836713057974205,26.240984808781395,26.14105097340845,26.68412692288132,26.907374645813174,26.877773335420862,28.04093721033503,28.209285513070867,28.33610899111631,26.919340571203314,27.99413498933012,28.915625256669493,28.98035511170859,28.60748527711313,28.70722336490383,28.14034493384087,28.759582997413737,28.87210120821222,30.037150065585827,29.805021199350215
Turkmenistan,,,,,,,,,,,,,,,,,,,,,0.5151727227385569,0.6411847346711542,0.6378576557153645,0.6421769305996142,0.6598437681838574,0.5468081751090244,0.5615651246077064,0.536293800176991,0.4402519571769911,0.46963070440707955,0.38656556820353977,0.563071721,0.43116661,0.536883884,0.512481773,0.431351343,0.5444514061948051,0.4592331890322581,0.6340257604615386,0.627862019433121,0.6357602488987343,0.6424642288113208,0.6234188821250001,0.511398426795031,0.8337625157777778,0.8984366038875222,0.9971918369348789,1.0870735767130504,0.9656803329615183,1.0009348549993147,1.198159358213679,1.1863447113033267,1.1739659401738354,1.3142545981896028,1.44729326574431
USSR,24.84781168324721,26.422695438079153,27.773929206297936,28.805019284188273,30.072811206822255,31.634512141810976,33.18995887538753,34.88352350767149,36.674065747451415,38.69883929518339,40.61547515074225,42.19438242155372,44.08184893281129,45.98043531502763,47.239656929564575,48.291290035203176,49.31850173047518,50.5546609494802,51.61728953057554,53.55185684665286,,,,,,,,,,,,,,,,,,,,,,,,,,,,,,,,,,,
Uzbekistan,,,,,,,,,,,,,,,,,,,,,1.7340278466456718,1.7062738676690032,1.7404934470462334,1.8468622505594507,1.8755663351333194,1.8278539418041606,1.8509963706820907,1.7603722158975796,1.895039813225926,1.8614948677806613,1.8262516561947486,1.883876310219602,1.8646265400207105,1.8662926639804343,2.108597592058016,2.1423309865587465,2.1476874715394922,2.1972941756954074,2.041601479468675,2.066691775733956,2.0103959993489564,1.8708297674607837,1.9853166386369345,1.8676887940739795,1.8751185706608549,1.86181731416809,1.95110103449793,1.9034232439014749,1.9110591966403367,1.985773004155725,1.8901207411692635,1.7811116041060773,1.788180524773894,1.8288386515700474,1.783688319538336
Other CIS,,,,,,,,,,,,,,,,,,,,,1.4014113904420105,1.3362815363508342,1.3754158859173886,1.5206590502393822,1.456096864198665,1.466680589476037,1.2225998157229823,1.0337572378429174,0.8220250017920285,0.68739002106682,0.6007415071168102,0.6469322255904866,0.6120810213982506,0.6090012135799894,0.5831452773128742,0.5629098758447306,0.5523220254881046,0.5519968968887702,0.580199293131052,0.6255178064962355,0.6508861581516575,0.655642269241647,0.7031521339260312,0.6761997064202638,0.6542720136442207,0.6653969914227029,0.7116064935679611,0.7411066955918232,0.7054420579940551,0.7225242498418532,0.7186652196171257,0.723827570114536,0.7514432098697136,0.8110373975200631,0.8340984993823973
Total CIS,24.84781168324721,26.422695438079153,27.773929206297936,28.805019284188273,30.072811206822255,31.634512141810976,33.18995887538753,34.88352350767149,36.674065747451415,38.69883929518339,40.61547515074225,42.19438242155372,44.08184893281129,45.98043531502763,47.239656929564575,48.291290035203176,49.31850173047518,50.5546609494802,51.61728953057554,53.55185684665286,43.10018976190102,44.077183280479716,45.351318954015824,46.37133574687603,46.40160756637912,45.60781120651528,44.84836639829867,42.94737090222449,39.68346541683131,36.18848975804082,34.03957207280208,32.93286893003062,31.064799730937064,31.00854757825082,31.394427961764723,31.70772679580562,32.348444330316184,32.269192024639764,33.04917633529957,33.62132371356744,33.702263035738895,34.900245313425344,35.3586723884487,35.369270906372044,33.91535255517868,35.276005499660734,36.71129698117041,37.0428282868885,36.42977310491438,36.74024141606347,36.19297177468763,36.72770549382664,37.02381246599495,38.807493499838124,38.68323479710476
Iran,0.35708347536502205,0.3887011546778348,0.4270428976565271,0.46893029133095415,0.5140755354454545,0.6052292839922555,0.6623756328889654,0.749891862141267,0.8967166382763561,1.0147881148026345,1.1814173336373912,1.3279468027529628,1.5050108891776972,1.4706397652448875,1.587081030968949,1.4677639206359796,1.4706360400933618,1.6595661055940896,1.9705695286418707,2.12945883739733,2.3240695853227096,2.1758373791103938,2.3333411944275118,2.46490799241485,2.697272535310165,3.0354338733572015,3.295126677484471,3.6159653810656476,3.3369824032225095,3.7478985036732784,3.970402739286363,4.293071126104318,4.439701987694058,4.5910902601857035,4.900090785423603,5.148293195209448,5.431703800249127,5.905469506510284,6.034246800493378,6.61646286632142,7.096009314362481,7.753815543408026,8.299221866327137,8.619584456160057,8.906989733427222,8.935285397335699,9.337494697507648,9.410429229801473,9.851631699873677,10.280407314638715,10.218762547192203,10.792866797598634,11.304914586379237,11.831237286231216,12.343898052067514
Iraq,0.07327983208000369,0.08178692158583495,0.08267344074935155,0.08838610667295572,0.10369912887788339,0.131474461975208,0.14413622731932632,0.17083146582792982,0.1667307100048,0.16435486265585963,0.1807134336434526,0.23083661267025968,0.23800265789875086,0.22902272865874615,0.28738894588408714,0.3421295075167982,0.33993579947168345,0.3550791175583231,0.3928529185348849,0.43102687630501774,0.5094789997646129,0.5653064800981337,0.6788073945937244,0.7913692474072247,0.8868393219410946,0.8215179831207717,0.5521354703452656,0.8691017180871772,1.179181958707044,1.3501110041634086,1.3259503765620195,1.3755611928975127,1.6114100345957956,1.1307432869516127,0.8486711117100255,1.080556728493154,1.2156473487196617,1.1487586978400888,1.0631333082061631,1.1347509146017862,1.0878994372427506,1.1112593077914454,1.1784380388189042,1.2219591732415505,1.364113060889265,1.4535148266636053,1.5360930950251384,1.6333103682494086,1.7592506119661624,1.6833063846034153,1.6786403955773361,1.9405083391557505,1.9124655567472708,2.004711018053583,2.226569607369038
Israel,0.16729708429304077,0.17517052668173075,0.18286063313405754,0.19160803048573916,0.19975687060200653,0.20761358511971031,0.21603027301495553,0.225410183842161,0.23584867419342548,0.24092853488489346,0.24820720943917401,0.26204585705725303,0.27386204599359953,0.291894051293556,0.31942711000188495,0.340358537563726,0.346307024891004,0.36003682715665847,0.36289804481208443,0.36811679924806856,0.3578351136751871,0.37630443846548045,0.416588116420283,0.4459232907019286,0.4619525378835885,0.47896922791825897,0.4969352193274565,0.5414807452567265,0.5735556737152679,0.6278748189366397,0.7006441368298966,0.7375472809094616,0.7237258267339375,0.7736136457004509,0.8042073301029419,0.8413370641835111,0.8374259843659693,0.8500906289068644,0.873795040499669,0.8844058465444116,0.9131202664090989,0.9119310861587019,0.9621105679510065,0.9773626681386476,0.9359926900648262,0.9921379909932445,1.0155623715720519,1.0604656562790165,0.9844724938951275,0.9676793497581658,1.0208424364762883,1.0379820820381878,1.0849048630635438,1.086225429629042,1.1260562356305046
Kuwait,0.29191427382288776,0.30580513496700956,0.31185096098677684,0.32849957517290507,0.3370382384546751,0.2747171547622082,0.274618491,0.305396797,0.30473984699999995,0.292631028,0.263014662,0.31030180199999996,0.31644641,0.346433003,0.42044827500000004,0.31718511800000004,0.40172134699999995,0.401801977,0.4434495000000001,0.47271145,0.46088743099999996,0.5228183320000002,0.48679152900000006,0.5526617660000003,0.601026738,0.285040734,0.16249752699999997,0.29632195899999997,0.39960966700000006,0.491100984,0.6132011310000001,0.607212043,0.6321668817804154,0.7680587114599409,0.7920639817804155,0.826657513292411,0.8395406929685623,0.8551149646351536,1.0052746895484403,1.1261915324247382,1.2468523256502941,1.1781436009824944,1.1445625292940536,1.2450207814038676,1.300569199262749,1.4102805990159895,1.4151100568896064,1.5722469414064546,1.629844324181505,1.4948028567722098,1.6221505907250784,1.6854655229015774,1.5774962442963558,1.57192296482621,1.6376046782953797
Oman,0.019050981,0.019873001,0.020735214000000002,0.021682377,0.02258616,0.023621452999999997,0.05569741000000001,0.06363798,0.05535329,0.05086038000000001,0.04645691000000001,0.05348303,0.051523808000000004,0.059912555000000006,0.069023617,0.061410160000000005,0.064900791,0.08597501800000001,0.080460311,0.11697694100000003,0.12085567600000001,0.113254447,0.127566846,0.12380067600000003,0.14047150499999997,0.17591037000000007,0.233525688,0.22496723500000002,0.21541682899999998,0.2046259844745998,0.23723875471691774,0.24402072831585836,0.25096550764131725,0.25792966399191697,0.2969335938451859,0.41229668703069694,0.45534867426420034,0.495525618724485,0.5132879134685896,0.4767936186552802,0.573575164670976,0.626638349762599,0.6247612926284477,0.7336168366458111,0.7349790317765371,0.8635506343944404,0.9433889933502747,1.025585383261862,1.1460183367815562,1.1409190617315579,1.2053140569211283,1.2098413286306493,1.3428660802785286,1.4864260829478795,1.5139755494986826
Qatar,0.005079899000000001,0.005114512000000001,0.007327358,0.023182431000000003,0.036427103999999995,0.041492474000000015,0.04133249000000001,0.045723369000000014,0.06487565700000002,0.056563846000000015,0.08440325200000004,0.05421650500000001,0.07553955100000001,0.07246245800000002,0.18131783800000006,0.20733643100000002,0.19456717700000004,0.23524621000000004,0.24651954600000003,0.2788134120000001,0.28355614800000006,0.31025969400000003,0.30936685,0.28500600600000003,0.30453521900000013,0.3106652850000001,0.3502405730000001,0.5388657540000001,0.572791335,0.5774653,0.5810301700000001,0.432032077798398,0.4610699871482027,0.4931967100163067,0.5508872401063302,0.4838682459784811,0.471578734408861,0.5327054953320002,0.5987660417183008,0.7018917769550592,0.8078022838539652,0.8510484409909647,0.9306605901289005,1.029193174830565,1.0398290241012287,1.209662638864513,1.3999305647931013,1.5888388821878072,1.70879511775342,1.8357785303361212,2.047361826074497,1.9954257799428095,1.9224961933764715,1.9910506081211143,2.022910771722776
Saudi Arabia,0.8465023779999999,0.85795774,0.870353602,0.8838649709999999,0.8987859690000001,0.9462796289104047,0.9477788342851318,1.015808642242872,1.0836012723850843,1.1496735707598114,0.9117390709034694,1.0540594980648632,1.2447450269106421,1.38720862811823,1.6806358324442967,1.5117887935623722,1.8045423252758392,1.9878413494446225,2.152825342632254,2.575163015252833,2.627086697987079,2.8248173543040926,2.9943020212060083,3.133033476022084,3.083607982604367,3.34205835618329,3.500873116672073,3.5343677332758756,3.6103061879759695,4.174489582725805,4.068021105598919,4.20688035148487,4.285081134800402,4.509277151947915,4.591641507919435,4.805656632488404,5.12048677964767,5.333067760812904,5.649177707523967,6.128901614340658,6.532235257181606,6.781884486765511,7.076901550682016,7.717209823406032,8.133691075501613,8.916432842023877,9.204256892936659,9.757834666421198,9.798092285299226,10.502519856803792,10.834135668090903,10.976796144335179,11.006115039831965,10.908274312336733,11.035533626504838
United Arab Emirates,0.003076319325485639,0.003283348197505093,0.019464321433351982,0.02500096701414822,0.025088130540443853,0.03458012840433942,0.05269691000000001,0.056340540000000015,0.0730552,0.08026384000000002,0.08589315000000002,0.10868485,0.1786734,0.20631964,0.2425341,0.38980522100000004,0.455552746,0.492733183,0.47407525100000014,0.5907552540000001,0.7323517900000001,0.887068956,0.9901916810000001,1.093730439,1.231627587,1.249265418,1.522731834,1.4719018789999998,1.532129947,1.6811066430000001,1.754217302,1.8081209120000001,1.8876932299999998,1.9321713230000002,1.9478490560000001,1.9399363680000001,1.9613561597159996,2.1433813117760003,2.2854793145600008,2.443905498412,2.549654468504,2.6823589549520004,2.958632664892,3.3906020148480005,3.34763066084,3.5079100627645152,3.6997658973348106,3.8853211485045454,4.094611034352255,4.076211250284697,4.4849360711302575,4.6581313780865745,4.715684173035169,4.800565188348362,4.830231081961105
Other Middle East,0.25207388101714717,0.262693153145268,0.2740992129766468,0.2929642854233739,0.30679253095718495,0.31073696366769255,0.33286800352685003,0.33405663782506756,0.3699157373827493,0.4122210366800157,0.4534872082903684,0.5081870233517103,0.5615588272790879,0.5968849837750803,0.6852626874211202,0.6584403631685583,0.6917150345181104,0.812458427301877,0.86747299618853,0.9356628434469249,0.9830287719509694,0.9982804544640322,1.0501266077650981,1.081814118459934,1.1030433693812496,1.16119006156601,1.2280458807057621,1.277919702960382,1.3201954257853827,1.3634867266749666,1.4633094655025203,1.4815551895934183,1.616287490614559,1.7151436872229795,1.7279148135482818,1.7538526665673715,1.8017193557055695,1.8696249356058652,1.9502149554574317,2.0101208301137685,2.1948674057510846,2.276911302865396,2.3632410262359227,2.4467983232679043,2.4532946701417635,2.4467516722698677,2.3121629903874816,2.187697132430953,2.091948849788808,2.0701041674979996,1.9312653846451173,1.9281518793052277,1.9659289662111206,1.9253269372456767,2.0403515968061123
Total Middle East,2.015358123903587,2.100385492255183,2.196407640936712,2.3241190351000762,2.4442496678776484,2.5757451338318185,2.72753427203523,2.9670974778792973,3.2508370262424156,3.4622852137832147,3.455332229913856,3.909761980897049,4.4453626162597795,4.6607778130905,5.473119436720339,5.296218052447433,5.769878285249999,6.3907382150555705,6.991123438809624,7.8986854286501735,8.399150213700556,8.773947535442133,9.387082240412626,9.972247012006019,10.510376796120463,10.860051309145533,11.34211198653503,12.370892107645808,12.740169427406173,14.218159547648698,14.714015181496638,15.186000902103839,15.908102081008689,16.171224440476824,16.460259420436216,17.292455101243476,18.134807530045617,19.133738920143642,19.97337577147594,21.523424498369117,23.00201592362626,24.17399107367714,25.53853012695839,27.381347251942433,28.2170891460052,29.735526664325747,30.86376555979677,32.12172940854272,33.06466475389173,34.05172877242668,35.043408976832815,36.225169251994586,36.832871703219666,37.60573982773981,38.777131199855944
Algeria,0.089139467,0.10716806300000001,0.10142614800000002,0.10887872500000002,0.120508183,0.13195784500000002,0.142825345,0.16041290100000005,0.19121728100000002,0.21175151900000003,0.253119235,0.29531663300000005,0.324591825,0.407940009,0.5345570180000001,0.6375487999999999,0.7744341220000002,0.8928945839999999,0.9753283759999999,0.936414691,0.9438509070000001,0.998804695,1.0262832300000002,1.0994005150000001,1.069299968,1.1338183290000001,1.1233532699999997,1.152688404,1.0725542000000003,1.086808885,1.1271968780000001,1.115641943,1.072246726,1.1099176570000002,1.121032061,1.0797694820000001,1.1188824514805193,1.1589856021612905,1.2127519464615386,1.259042278955414,1.318230599791899,1.3650570574924528,1.4385637206179427,1.5246314319049876,1.615685244,1.574644340208589,1.6719193990945123,1.8273700061270237,1.9330406522891566,2.1080576878682633,2.2229347695142847,2.220546638256424,2.2446413119,2.4194542153473684,2.53814313636739
Egypt,0.3289123540000001,0.3460883320000001,0.2960365160000001,0.31888730800000004,0.26157595400000005,0.32612871600000004,0.33510928108399995,0.3721138088560001,0.35153733061600007,0.399887082124,0.443055270232,0.5293009946000001,0.5737903116960001,0.60686700692,0.663695573548,0.7569452166399999,0.8613540248480002,0.9616262064280001,1.04349869824,1.1353916266000001,1.17795606146,1.2062959748800002,1.2635576279800003,1.301828221868,1.375204386664,1.4208689988759997,1.439255348948,1.437374251008,1.452592237648,1.480654361252,1.5688901818120005,1.6531729806000002,1.7222071819320002,1.793296837076,1.920173288676,2.0355747908799997,2.1442595264953765,2.1770102209774196,2.308373710441538,2.4163162881480713,2.535670096512656,2.6612874584967936,2.8179202414086535,3.002312219705328,3.1211538695825793,3.282670148555976,3.3336140448239493,3.503614472771063,3.4780979171989412,3.4690694835186937,3.5525037578112255,3.73970493635764,3.844227814542719,3.917442817738582,3.886096746943875
Morocco,0.06305544356017016,0.08340515927811343,0.08800037097868446,0.09444428995903913,0.10344843678444444,0.10838050066719809,0.11522724018351997,0.12457435344012484,0.13875328545590213,0.14828774687967194,0.1509409711669059,0.1636574954731929,0.18340522257956843,0.19470053185979116,0.21714949045910809,0.2178144267419842,0.2115602874796059,0.2183290984347547,0.22422579543809668,0.2272980177847189,0.23477643177600002,0.242711693624,0.24990195003600002,0.26394875430799997,0.290302983512,0.297133643908,0.30090274546800005,0.33698359833600006,0.34087141419200007,0.37549399918,0.368432409604,0.38434624932000006,0.399529779984,0.4100156571359999,0.42603900971600006,0.42236362279200007,0.4561749955051429,0.4675610829513197,0.4684742671408556,0.5335656988451246,0.5791835105755351,0.5909687545615381,0.585370570301091,0.646138733835991,0.6293310012637762,0.6975676830113453,0.7332640501119139,0.7460828442956012,0.7651968490593557,0.7765093029201349,0.7897547484896421,0.7982228956534911,0.83600357774365,0.863996426098828,0.9490219735402977
South Africa,1.2751987610000002,1.2831209609999996,1.336140694,1.410133083,1.4519196230000002,1.517304268,1.6344228336641546,1.6879674558928053,1.815941854495173,1.8680102216838468,1.9915450045518075,2.078156444091352,2.129082188633742,2.108394975009147,2.177614651414197,2.324471199116602,2.705867867194717,2.9107202788002633,2.949647484214171,3.2226724859833555,3.2908565354243615,3.3511838323971945,3.404853922915138,3.747982171823043,3.580431074283868,3.704339405118966,3.676849394666819,3.69485490285307,3.689274440545744,3.8467340799712284,4.020287431892658,4.099672719408229,4.191666529300728,4.117792878849114,4.257957991747508,4.263152928131467,4.285472038899627,4.173655252614756,4.522803043430914,4.9356045050179205,4.6756690202585816,4.769447506361748,4.897167543209626,5.250526578507506,5.235984794892835,5.288440305572784,5.214735705280602,5.135912071830521,5.154335288077405,5.219787509414563,5.045664649054896,5.297718126637157,5.2518506365568705,5.295004463266294,5.400861300003173
Eastern Africa,0.3717699006074678,0.40799565684063493,0.420155489210845,0.43768063916959565,0.45809157153003544,0.5175972558590017,0.5549789491887822,0.5818771774914254,0.6137840531020602,0.6360208613936115,0.6209513255193132,0.6659271539092212,0.6744708220921947,0.6567156979131772,0.6775606247733208,0.6782934485248612,0.668293940134087,0.6586666269240518,0.6627164938212289,0.6581656883666055,0.6813219041940975,0.7167135868014604,0.7191342076419842,0.7784488641983084,0.7885607552912292,0.8878922346270046,0.8455796684042737,0.8299774318710545,0.8842789498016438,0.8898811375649964,0.9063524936409773,0.9114611456095894,0.9474894003966075,1.008900861741612,1.0303241883238559,1.042694992694137,1.1217851720787528,1.1492568226012796,1.1349577141275031,1.2264308071912133,1.2675962901442088,1.312101099265179,1.3716014549090993,1.3603774184712956,1.4334356276371971,1.5567974513344836,1.6321231870206099,1.646219280369887,1.806745278448412,1.977407931502922,2.0515457132220307,2.039505596413764,2.1541417376503404,2.257466747963678,2.3534821253755567
Middle Africa,0.1333122580374866,0.13737589987165688,0.13679262405306147,0.14193143850645026,0.14901045176623698,0.15628138376598458,0.17950318254676192,0.1862484237277902,0.20773898386113906,0.21504679483796604,0.20218437608503323,0.19983531681628522,0.21071405726087666,0.23439686743903476,0.2379433053412149,0.24760573092496715,0.26327608581980505,0.25472171286954925,0.2818470732615493,0.2672428963808981,0.2995845145337558,0.2979742999021765,0.30474330596011184,0.3201764623036259,0.3367182275687346,0.3115669724604939,0.29282708069185165,0.30020080623818857,0.30019505319276396,0.2916175506017284,0.2997941861742696,0.3015792298815656,0.300621939989832,0.28964828290359457,0.30246320438812696,0.3301945919673007,0.3708427890427278,0.39198417655652956,0.4255269489314718,0.476951731196323,0.477976979528029,0.5258360031411637,0.5383617607984406,0.6091844879995095,0.6466714359768725,0.7001809885351229,0.7583146962154141,0.7787232383855092,0.8390269204507278,0.8883455038692998,0.8861417033270171,0.9093058531475331,0.8856787261294883,0.9013367989581811,0.9059179458339365
Western Africa,0.1863636180331994,0.20491839264198033,0.20812661063328797,0.21008973368312478,0.23572414146415627,0.2647142797812809,0.3412401409258567,0.3686139782509676,0.41370754125722764,0.4251368607260554,0.4581519199812822,0.557943558363521,0.6043284286694717,0.6369639376701159,0.739865069783812,0.788320800552381,0.8235238070584292,0.8593425067972608,0.792016472662157,0.7281520562655657,0.7792549887937825,0.7696269972323779,0.8045063837162997,0.8590822485889832,0.9046657954026336,0.8783552164407993,0.9369742972473891,1.0140391116650374,1.0199254129933473,1.005576371741919,1.0339273498957973,1.1193292008177513,1.11419229116652,1.1372946800991726,1.1405365648187598,1.218603432653981,1.3211331055068778,1.4421096427473505,1.4278376501987837,1.4766575468293777,1.5239646013095336,1.3948712889485022,1.490315520822048,1.6028231464437208,1.5049466126804905,1.575195182899021,1.7258387424062462,1.803408204860841,1.8147205445122259,1.873764278061111,2.1546376139211842,2.2006041964278333,2.3869766519575784,2.5206714466228863,2.595903756233691
Other Northern Africa,0.06141691882327256,0.06757782625714513,0.07233966974510272,0.082423166217243,0.09158210735456966,0.10902841919348814,0.10036921143278402,0.1276104054554659,0.1751314771562055,0.19199758099181155,0.21524573769783292,0.2527998188551342,0.28623349540815596,0.318835199943384,0.4156336576171259,0.4323107733316095,0.4619016211940915,0.4739700418505092,0.49911832585050914,0.49508685254599016,0.5573336572503826,0.5707319854919283,0.6320471295049171,0.6423433342892788,0.6920858099578215,0.6765864122804309,0.6711130967566215,0.6724187133913911,0.7137611934930632,0.7766287014930633,0.8189776433782936,0.8393723921985743,0.874645278378294,0.9106696773782937,0.9006929500999424,0.9696723573737147,0.990805428560686,0.9816022543562453,1.0145248686416053,1.0951800206120146,1.1243007779820053,1.1275059154210076,1.0952661255582525,1.1487401458394781,1.222535898324339,1.2534726152878712,0.9037973373134035,1.0781526234556984,1.1651427262132523,1.1464996817052884,1.0045722919632614,0.9711056926809096,0.9748159082000735,1.0091911625000072,1.0396849050046892
Other Southern Africa,0.002072599151518633,0.0032549846481297277,0.0037012915335817723,0.004260359431914343,0.004763617649477868,0.005773504358229924,0.00614667316944397,0.006353397071194642,0.00699635041714665,0.0069793408167450706,0.007820532947948908,0.012241758384846695,0.014293517509188723,0.02822612026953588,0.02923879756323302,0.02992342740583146,0.03629931868309851,0.03656850806309851,0.034378030012603776,0.03564290814085116,0.04006548128242894,0.042534237098670366,0.043520447146388704,0.0470769170856487,0.05094388994638871,0.07629764840774024,0.09186592362305619,0.09901593133582202,0.09931033598596523,0.1014621631518593,0.1100516943996313,0.10374583652232286,0.10825660719673333,0.12030488486949294,0.1294096582111006,0.13177429471341462,0.13402645368768365,0.1338773648787125,0.1338995797253913,0.13454790768354752,0.14488702114349447,0.1428323984831727,0.1482049976184303,0.15367693937135937,0.159719467386661,0.1455401054813955,0.1565061684424864,0.1739781099914256,0.1818691136775215,0.19627509955726335,0.20086587349320068,0.20145683968702915,0.21450991417706405,0.2089886402018934,0.20174841661850537
Total Africa,2.511241320213115,2.640905275537659,2.6627194141545636,2.808728742967367,2.876624086548919,3.137166172625183,3.4098228571953024,3.615771901185775,3.914808157360855,4.10311800845371,4.343014373182124,4.755179173493554,5.000909868849197,5.193040346024186,5.6932581885000095,6.113233823238237,6.806511074411834,7.266839564167486,7.462776749500314,7.706067223067984,8.00500048171481,8.196577302427805,8.448548204900842,9.060287489464883,9.088212890626679,9.386858861119435,9.378720825806015,9.537553150698562,9.572763237852529,9.854857249956794,10.253910268797629,10.528321697358033,10.730855734344718,10.897841417053282,11.228628916981295,11.493800493206013,11.943381961257394,12.076042419844905,12.649149729099603,13.554296784479005,13.647478897245946,13.889907482171557,14.382771935243584,15.298411102079173,15.569463951744746,16.07450882088659,16.13011333070914,16.693460852087572,17.138175289926995,17.655716478417542,17.90862112079675,18.37817077526179,18.792846278857773,19.39355271869773,19.87086030592111
Australia,1.459286612,1.6008030949999998,1.697795314,1.8005474320000001,1.874719856,2.0454146966320006,2.1478909066995997,2.2460705703104002,2.4012507067444004,2.55325295472,2.5957061801131998,2.6868639176094002,2.820108604576,2.8900453225776697,3.0040484497315854,3.0243294899630646,3.0494392142706266,3.047560839187096,3.0539811859463106,3.187339711497491,3.2117567559199114,3.3204125873865795,3.4091355366360303,3.5677201842841346,3.7398675008984656,3.8057630719360724,3.781465923942282,3.819812419939675,3.9286610828678223,4.085395716431034,4.193764522191461,4.299535826696909,4.408149393368831,4.51096145206359,4.708312040606335,4.728620125207462,4.7721281479351445,4.8429769081866025,4.915958466802419,5.079166880999508,5.059603423148307,5.365377307101972,5.433755039329981,5.523351787368712,5.476682344894036,5.497566656746712,5.696065808952798,5.626706862032205,5.668972035857484,5.75062766508425,5.836986662223966,5.882772036425707,5.8709461735130315,5.9958931114510925,6.40958451755457
Bangladesh,,,,,,,0.029287050000000002,0.05719771875200001,0.070641178072,0.072998559412,0.082865656336,0.095066229204,0.097596954468,0.10517824333600002,0.11650037461999999,0.13130494892,0.132219676506375,0.145971428728625,0.14425759490440002,0.15581437079672503,0.173309998165975,0.18884135010365,0.2084108197353,0.23203945681575,0.25001774080632505,0.265312729071075,0.25597594835410004,0.2792444423432,0.30717645888445,0.32593781648740006,0.38535105176745,0.40345209797127507,0.42394305794997506,0.45145498873405,0.4566099049427001,0.48955176226037506,0.5594694759149196,0.5773640772398089,0.6119526477289134,0.6330001476495143,0.6826618370139457,0.7396605672158059,0.7570521321148587,0.8009583909255353,0.880522438176829,0.9014713753703152,0.9796015199737084,1.0487423321821947,1.0806396156661584,1.1265206429827148,1.324923466240726,1.3430199577800603,1.3925422487964947,1.4820297584752962,1.7581835724992263
China,5.516043195424779,5.995001420026549,5.391340978327435,5.445350202176991,6.627664195247788,8.486606443362833,10.061688834044249,10.846552900469028,11.449055799327438,11.805455074380532,13.221453633690263,13.920863399991152,15.18078430938938,16.647430175592923,17.147246224548674,17.482637774624102,17.247544695922837,18.009721019605472,19.166483587064278,20.564972804995122,22.242502558623837,23.311135627948666,25.139286873539124,27.002853132863848,28.334376865762,28.701087430774113,30.152810921904923,31.75280741649533,34.18981485732944,36.292268779564466,37.40743855410442,39.35567570616563,39.584711887790554,39.63891253594082,41.02839606983106,42.45316141855217,44.84197660288398,48.844607125961716,56.87522175383263,66.545716125006,75.60172011396577,82.88053390281351,90.08781938108658,93.44496936549163,97.523147407337,104.28400236476384,112.54080832717808,117.0453502363434,121.37465688680322,124.19793291503358,125.3768906155754,126.9507367771403,130.83173384424728,135.77069691532407,141.69921799062104
China Hong Kong SAR,0.09468724292118,0.10269295915960003,0.121294094191983,0.131141121814914,0.15407978321439397,0.165534032244954,0.174814767,0.198554721,0.20592748299999997,0.21080708299999998,0.19845753600000005,0.23432750600000002,0.253021682,0.26286067300000004,0.269146653,0.275024968,0.293073079,0.32166107600000005,0.34107476400000003,0.349425983,0.36276569200000003,0.38012729900000003,0.41767020099999996,0.481136694,0.5142940480000001,0.501687875,0.5198018930000001,0.6117441050000001,0.6678082980000002,0.6051344230000001,0.6504503041,0.6501276781,0.6576951986999999,0.6704415583000001,0.6790383162000001,0.7109111496899999,0.89791281039,0.87635710009,0.9050595929099999,1.0134969663000002,0.9723257165100002,1.028708474935014,1.09445152732477,1.0182713382537072,1.1118893493825384,1.156645165321188,1.1858088365993604,1.139696436792399,1.1706053235536162,1.1436810313296606,1.1756310306629076,1.2065089746154831,1.2940381557904383,1.302102278598792,1.2413246367922715
India,2.217659391055631,2.285376552564678,2.3559105260695383,2.517670031368624,2.7908979433686243,2.7295491466719213,2.8380433381092396,2.987987055334456,3.049282999334456,3.2325473950938406,3.473186891128009,3.6426905841203086,3.852342996887393,3.9987736496203086,4.223199995112608,4.350661092146776,4.8187759757184,4.777145138000001,5.026523483331776,5.367804272124499,5.668948496875629,6.069131145597109,6.457539939872996,7.027743100061921,7.67454044301933,8.236359628423275,8.685825806900175,9.134670498367974,9.362388461293602,9.860622343195786,10.602797578850536,11.033019490339125,11.646742543330001,12.34866703751564,12.68108324833944,13.341557965993939,13.410956585256685,14.028568378018164,14.568021059649421,15.629661400056465,16.56290826378718,17.410174168573967,18.929108644567624,20.004817217784108,21.52434691120802,22.55470757965575,23.88045002606658,25.113414213803747,26.076945204031812,27.8616750658919,28.770818612858605,30.067428633173478,31.33455097978768,33.3017935763807,34.05951445882368
Indonesia,0.30308013399999995,0.300494796,0.296710826,0.31620689300000004,0.357008839,0.38234089400000004,0.36595772,0.388245866,0.437741847,0.46906368300000006,0.5745613840000001,0.603997182,0.798368469,0.884758727,1.0098195920000002,1.080048536,1.1734714240000004,1.196322802,1.2685675889999999,1.3740226950000003,1.460723443,1.6195043349999998,1.7122552690000001,1.8070819409999999,1.9991981690000005,2.20223140727473,2.3887768744886824,2.621907036366936,2.7703070857723073,2.9616147658368828,3.1550466834379063,3.365225218940587,3.6544315938685643,3.5900760143357173,3.9180609706404286,4.261250416510047,4.510336474504436,4.710791785167326,5.071892187988357,5.046643388531915,5.171386119994049,5.246495585415112,5.630329605073004,5.55759118745969,5.75782454580427,6.321323283564289,6.8986286402535715,7.2684423433458605,7.570222242048281,7.091578406648759,7.102872722495818,7.29958655711758,7.572361058212307,8.225365584426672,8.911262817385492
Japan,6.515746901600001,7.198596669160001,8.253766616639998,9.20331683176,10.48879508582865,11.72728154253914,12.485163245521838,13.080781048685507,14.530945027504178,14.588125539354674,13.932669373151676,14.441710579399029,14.550493189929044,15.155525226526269,15.75079441517292,15.280775499633307,15.067970089242193,14.472213190410358,14.664063930322257,15.91855481849259,16.02362407561515,16.04336025813246,16.367990641573044,17.413318795765964,18.01135339297343,18.60675308640622,19.065457252351177,19.30202605678056,19.57345188187704,20.328467334120585,21.12650639445335,21.528167032153313,21.92482926891147,21.44363536270513,21.82175100254162,22.06389409678348,21.849069189984554,21.784126345120324,21.698157678518793,21.957567168820347,22.34722617207223,22.28088283367312,22.056020645507797,21.75250316244444,19.833453214333304,21.131851742805065,20.061788326596822,19.922774355039714,19.746982137939185,19.240673291590294,18.968079895004383,18.647814692617963,18.890717085911735,18.840461099588612,18.673738453534636
Malaysia,0.10412387395190001,0.1215001711183,0.12282456339160001,0.1251975381382,0.13113699805,0.14579361653201398,0.16061205431389616,0.18167976264723318,0.19532822487979135,0.1982208832727415,0.20585875027275086,0.2286974367392205,0.2541157874538683,0.3486487689170256,0.4262620348833034,0.4586624052270771,0.4704173729919871,0.5070809214902775,0.5826073185648997,0.6263817054865712,0.6262863373399891,0.7021544600246654,0.7241581555330046,0.7686351364505781,0.8583204731053691,0.9265330744358833,1.1219506085040067,1.2128550170930232,1.2648971176744186,1.3807577829767443,1.439226039744186,1.6067014383720932,1.8694677932790702,1.7380488491627906,1.9677606209302325,2.1952135667906982,2.2104826068556322,2.3640658782820703,2.57103642918068,2.740727191209575,2.923959669457943,3.0382628227555943,3.240854679021803,3.3561340486965197,3.251510265167959,3.350772396858753,3.469197403301428,3.7279936114788788,3.900895895515656,3.9399017754880408,3.9960990970150507,4.208255182348783,4.272728672034773,4.207577552070451,4.2618980973694836
New Zealand,0.30003090000000004,0.31871366,0.321344224,0.32863681699999997,0.334485073,0.372462899,0.3893282,0.4155403920000001,0.43270718799999996,0.4360455077608508,0.4422041536299279,0.4571564095073811,0.4663957891895221,0.46049438421049765,0.4655751212461509,0.4668157586906664,0.4671360178522611,0.4834257135735437,0.5024439145408119,0.5300541341183245,0.5364503131468122,0.5812536946227097,0.5927066282683277,0.6164198081828196,0.5550874680083151,0.6557341945877041,0.6694916484944597,0.6706725935223999,0.6912932995335487,0.7280756612105472,0.7561375309023868,0.7676801661661683,0.7687961005191065,0.7693245401926199,0.7768985286045853,0.8104634499496532,0.8044251810865171,0.8320894567551579,0.8077076275412084,0.8335308435969201,0.8067832297565836,0.8137262809177246,0.81223155422991,0.8144144804833472,0.8122155882753209,0.8302386094758615,0.8332301390510676,0.8379927863738555,0.8406816694865775,0.8807685424195261,0.889239137871871,0.8945739527476205,0.9061885002165069,0.8981027286873698,0.9164638828531171
Pakistan,0.29459098300000003,0.296809523,0.328511056,0.372853069,0.37454457,0.368740862,0.35812035100000006,0.31572771800000005,0.336799299,0.360269806,0.388315704,0.394135312,0.42623944299999994,0.455736419,0.49687903299999997,0.551344289,0.592941205,0.653786021,0.6982869449999999,0.739163788,0.776903442,0.8243154020000002,0.92316215,0.980903332,1.0408019649999998,1.088679499,1.153436628,1.2111165360000002,1.340490897,1.3877601470000003,1.463658915,1.558666831,1.510386362,1.6182179300000001,1.691508293,1.7286016120000003,1.7690125328961037,1.8358310419870967,1.996726649723714,2.2229564722923394,2.306547989970591,2.4332946560901565,2.587635612279809,2.6036191190730054,2.637272698986955,2.6480991540388095,2.6456249715999767,2.4688672648178147,2.881975338276227,2.7735975344655803,2.922548457203908,3.1868987063760477,3.3703567617300485,3.4775510970153505,3.560508084387601
Philippines,0.196228666836,0.21210327179200003,0.23824898761599997,0.2691612554816,0.2883310755696,0.32806684356960003,0.37558216996079996,0.371699593352,0.433903128352,0.40435293109279996,0.4376675245328,0.45463107470879993,0.4905925613368,0.511565158508,0.5331379655912002,0.5239288276399999,0.521192366576,0.506419725104,0.5471479328928003,0.4975232220896,0.48008727085840003,0.48746943358800005,0.5292487976439999,0.5834481417432,0.6313056268616,0.6559177183696001,0.6355680770512,0.7375910395720001,0.7627809805328001,0.8100636676516025,0.9024027304372662,0.970302450937001,1.0443809606415635,1.0604800258178155,1.0802174364339336,1.0775958518353324,1.061732747311794,1.054807280685989,1.092359224362068,1.1287038285966098,1.1240080631555196,1.0900707765148618,1.1340963040160121,1.1717266348428437,1.1840416932565103,1.2206995001321765,1.2444808886811625,1.2846631875377377,1.3774326970382909,1.449061804242847,1.5884182756537288,1.7348335999036302,1.9026881118770735,1.9560063093748208,2.023979222294333
Singapore,0.17239682189549915,0.1970774090133709,0.23672166531643882,0.2942443369250338,0.2891466592358571,0.31393934196249146,0.27251234996000007,0.34123531066,0.321575837856,0.317010669156,0.30954946856800003,0.36717078542400006,0.36854867585600004,0.379345110612,0.404399942032,0.4016561609040001,0.462095297612,0.4496171407080001,0.47632167141600007,0.500769127132,0.51081713346,0.5929949634919999,0.623525313112,0.72141976634,0.822608385144,0.9830461438639999,1.0015682896559999,1.0745493549599998,1.17399745532,1.3427351717759997,1.3998216576,1.412552167512,1.4857168140000003,1.5062678830000003,1.491208788,1.5944864464672401,1.8103783929350656,1.7784650749719353,1.680331914200308,1.8809130721034397,1.9763883679542216,2.1747131791066883,2.3349831167675,2.484098728330131,2.6715386978620774,2.8711168415698043,2.9851268227673917,2.997781956685454,3.0637399736209763,3.151956093478985,3.3516829789011697,3.478308785619226,3.5885069538720247,3.605293174775268,3.5496649250326766
South Korea,0.268883111,0.3261303290000001,0.374809357,0.42967107399999993,0.518671962,0.60208933,0.6514330730000001,0.6753877460000001,0.8355856319999999,0.868421314,0.9550639430000001,1.068516116,1.2290231600000001,1.3760734640000003,1.5859868200000002,1.6325281759999999,1.7089216886000003,1.7100584598,1.8579537118000002,2.029138745,2.2413543817999995,2.5135970096000007,2.7843417440000002,3.110226569,3.3798999399999996,3.8233358041999996,4.325854158,4.8808218068,5.352656792800001,5.774581316600001,6.308412021800001,6.967498688400003,7.653530298600002,7.0648102354,7.694935536600002,8.1616337796,8.34716821102747,8.733218284200001,9.014587158348846,9.180080741543039,9.472580703572369,9.625624691682003,9.930154478192804,10.117026870599494,10.160195233974077,10.937332757018849,11.434969315311552,11.540853497885859,11.549918317069194,11.637387352109494,11.870150472987628,12.161333267321558,12.37288483750985,12.549792763346776,12.370825137255341
Sri Lanka,0.023393791918541768,0.024210188770268017,0.024809831989733636,0.025945259284776024,0.027186495478080247,0.05078940876,0.04776673343,0.05163536043,0.051936039170000003,0.045607065720000006,0.0452442336,0.04532668656800001,0.04855011006,0.056005412934400006,0.058139094708,0.058699623867600005,0.06747439182680001,0.0747736475984,0.07632848089600001,0.07579438857799999,0.07391642222599999,0.07597892575,0.078142579138,0.08056363838999998,0.07991339503800002,0.08687423227999999,0.089717413576,0.09787711844600001,0.10490775008240003,0.11504661435200002,0.1254805029456,0.1305461755572,0.14077013260000001,0.15267599639039997,0.16569400040920002,0.17882483126720003,0.17524140935230262,0.17912471175725028,0.1861367049111115,0.1799059169407376,0.2066215371289177,0.22460076898054337,0.2287066929380737,0.21364057491475652,0.22049020022887778,0.236223314959349,0.2481468156353146,0.2500529319864309,0.2542084994492414,0.2288622031144545,0.2909042845967428,0.3099365654894527,0.32691322079768803,0.34880251548760766,0.3586230378415623
Taiwan,0.25161923399999997,0.269637079,0.294464239,0.337734819,0.354152286,0.38579297234515,0.4848018971202001,0.51774774609195,0.6056109523533999,0.579024971372,0.6378392825122,0.77802165292,0.85419764732,1.00842045856,1.07018469496,1.1291593872,1.0554272346800002,1.0601300465119603,1.1972141737750401,1.2681792710517599,1.4812206857664443,1.6072642569975923,1.7269106464552406,1.8943280212156042,2.0125803830239795,2.137629896234375,2.257631100969315,2.3803089249809766,2.5224170773778005,2.669188839489129,2.8269453491333114,2.9493029014738465,3.1386727580739384,3.3168887812431977,3.6628786559522672,3.7368283857987286,3.8544142780449,4.014194251098826,4.203274670548531,4.409763187454403,4.456164314657512,4.549165768065897,4.739329562517255,4.485797410074961,4.415925334302916,4.661572591722653,4.610647017501771,4.61365887607782,4.711865233581412,4.821652916624161,4.768745608905996,4.848540893320064,4.866493238340982,4.930578245412359,4.810425180841
Thailand,0.11000091900000002,0.131050694,0.149159635,0.191591653,0.20263299699999998,0.24103187600000003,0.26693996600000003,0.324421661136,0.34398320059599996,0.3575683579,0.39422934221200007,0.41627709746,0.4584152870560001,0.49939771966,0.526231317704,0.527222630824,0.5336782406599999,0.546331387604,0.6040874547920001,0.6647617414479999,0.696575910368,0.7426812303802051,0.8521418042248228,0.9547318835277627,1.0974366130642617,1.2984667280405566,1.4339340052674225,1.582728206108933,1.8023058170450552,2.0206441856970714,2.215344136699524,2.504734803990588,2.640003474993481,2.4455127921195516,2.613942853225386,2.6734534215981482,2.818168667153654,3.0982673079546585,3.35525275332631,3.5897153540382405,3.7133043425569605,3.770720490636141,3.940980723368552,3.9872746374392642,4.1254220957241765,4.3862434579086695,4.557568913347983,4.8716294921831205,4.951135854919032,5.087192772973451,5.245696368981216,5.3598358322616475,5.450763932871545,5.6000387066701265,5.614262252722575
Vietnam,0.1058185161991876,0.18508304453486069,0.2551096070528975,0.26452822201874737,0.31245626633370066,0.3259294021907408,0.29057302873488294,0.28173176659648913,0.2973663122714585,0.22109365566515496,0.2457398355526687,0.14208037866350903,0.15198314643433936,0.1575424788203566,0.16969567715075157,0.1939793695591214,0.19441571140266717,0.20769033169211995,0.21737786223238803,0.2190641580617654,0.21777335153298044,0.2385718361619297,0.2688854013671377,0.26858958065784133,0.254137685585441,0.2730380885871853,0.2772449532416959,0.30268442400000006,0.345587432,0.385893808,0.4479180511249635,0.5139788072229653,0.5941523397906423,0.6427434223554784,0.6629718297361219,0.7547476841107725,0.8523394061302595,0.9334929950262808,1.0076321704740259,1.2327268106039115,1.3049201669868276,1.1926667419137242,1.3027244490530636,1.6179919795432935,1.6467099600198218,1.8728730106448699,2.1315894240571134,2.2371881025178837,2.3868569863077567,2.6121649025228746,2.8955702793529463,3.110450479300622,3.317448109507954,3.721139401727079,4.119141892164839
Other Asia Pacific,0.6857676299581633,0.7273480989758041,0.7901755389010259,0.8511813229036297,0.9039492007368226,0.9637324163976208,1.0563997463381625,1.095764206271478,1.1343712547330067,1.212218757343592,1.244515027546696,1.3079650385860955,1.385459405658864,1.4625110427477346,1.576614227275695,1.6908343026583021,1.7470608443784739,1.8174507157066009,1.8890625178044889,1.922886984620696,2.0515740643399085,2.074904533084148,2.016030291280719,2.04751567576602,2.022424254241639,1.9785582087258242,1.9258880574396329,1.7513453592732104,1.679794901830764,1.6145966634058277,1.598606076965131,1.4933517547033157,1.4780469501430247,1.4169195512421915,1.4968225383407494,1.5897586681078544,1.6370955852654092,1.6236149550191308,1.7109821890590164,1.7311538800292885,1.815913658534795,1.8804138287675263,1.8402513277292218,1.922348132320735,1.7556837484101764,1.9413028966935935,1.929861582155519,2.019382841044621,1.9913232411912398,2.1592396585603137,2.2501699918819655,2.4385458901665675,2.504039755400579,3.138345355193408,3.221300198460824
Total Asia Pacific,18.619357924760877,20.29262896111543,21.252997060496654,22.904977878872515,26.029859286063513,29.63509572420846,32.456915431232865,34.37796114373654,37.134012110194135,37.932084208244184,39.38512791984619,41.28549738690091,43.686237219615215,46.66031243562318,48.8338616327369,49.25961324085801,49.603254526240626,49.98735960472045,52.31378411828346,55.991651921493144,58.83659033303905,61.373698348869716,64.83154279237972,69.55867485806543,73.27816434953215,76.22700881721062,79.74239956114108,83.42476235605021,87.84073764722147,92.68878503679508,97.00530810125751,101.510519235702,104.62442692856021,104.386038956519,108.59809063433407,112.55055463252309,116.18230830492882,122.11196295752234,132.2722908791064,145.03542937577225,156.5050236902237,165.74509284515932,176.08048547511862,180.87653506604616,184.98887172734487,196.80404269925052,207.3335947790312,214.01519132812902,220.5990571523554,225.15447457456094,228.62542795841406,233.12938078372576,240.06590164041802,249.3515701740059,257.55991835843423
Total World,155.69093751335774,164.0972125503863,170.2745107624931,180.64687469103964,192.85727895867186,205.00707939815467,213.3571540831109,224.93263527357973,237.8838796016033,239.16283316106933,240.45812658284746,253.45117551979624,262.7467658520026,271.95405561807513,281.44517392784024,279.46195940776266,278.15515611466043,276.45804988574963,280.9386891046068,294.4194883831853,302.2277506342208,308.88316962684985,319.66310003407045,331.8760521574434,338.31194430087817,342.2263387189924,344.6286589317944,347.2167069047619,349.6326068331062,354.1074806801452,361.5153156972209,372.1311982285302,375.6670591539032,378.01654160619705,384.85027077743666,394.49984538278875,398.4523339710531,407.181975942203,421.73739633098205,442.23019615886693,457.07675350041166,470.1432888195171,484.66907744907905,490.2279225997266,482.81564321730264,506.02413727488556,518.3108266318889,524.9816920709844,534.9079463838059,539.2497921747522,543.1748996320798,550.6013359894824,560.4215751046033,576.2288096227534,583.8989769043484
of which: OECD,109.75396579153829,115.20959276788378,119.7577557232117,127.76379703117074,136.31393874251884,143.81104701488948,147.698668282789,155.27573702439395,163.93723740757963,161.68037463364337,158.4480244473023,166.9945563649082,170.83107220693404,174.7291920829815,179.58163975059946,174.97621338447715,171.08218272924847,165.89393222670375,166.36043154525422,174.14880029095787,178.24141087545075,180.2566980284682,185.34725943353084,191.64653040186477,195.10336733981504,196.36981071178693,197.93884265529096,199.71753190893975,202.53837623702776,205.99324815078845,211.15371860999582,218.25210143556797,220.41406820294645,221.27407889556324,224.6398285946413,229.15823002667815,227.5209244569764,229.48087557896358,231.45130464801156,235.60422472156702,237.24855324007788,237.616809773274,238.9801343099432,236.3691652962327,224.6855031618633,233.03566566385712,230.63467560151423,228.16128091076487,230.25612047231525,228.30575735943742,228.74998417133634,229.64326888344198,231.8387241455813,235.38879095250098,233.4338153272317
                 Non-OECD,45.936971721819525,48.88761978250257,50.51675503928136,52.88307765986888,56.5433402161529,61.19603238326517,65.65848580032191,69.65689824918567,73.9466421940237,77.48245852742593,82.01010213554525,86.45661915488805,91.91569364506852,97.22486353509365,101.86353417724071,104.48574602328563,107.07297338541194,110.56411765904586,114.57825755935252,120.27068809222733,123.98633975876997,128.6264715983817,134.3158406005396,140.22952175557862,143.20857696106324,145.8565280072055,146.68981627650354,147.4991749958221,147.0942305960785,148.114232529357,150.3615970872251,153.87909679296217,155.25299095095676,156.74246271063396,160.21044218279525,165.34161535611042,170.9314095140768,177.70110036323956,190.28609168297052,206.6259714372998,219.8282002603338,232.52647904624314,245.6889431391361,253.8587573034941,258.13014005543914,272.98847161102856,287.67615103037457,296.8204111602193,304.6518259114911,310.94403481531475,314.42491546074353,320.9580671060403,328.5828509590216,340.8400186702525,350.46516157711676
                 European Union #,42.09318433227092,43.282621590639764,44.50948760479507,47.39126295366771,50.92758898390723,54.19538033495522,55.464640362280434,58.120014201774396,61.375230058623416,60.36664509377478,59.56981412139119,62.97704148852902,63.904461347808414,66.2164969262343,68.7124980644065,66.87010585241725,64.93638772811018,63.48541447528025,63.755558085692755,65.42181692404472,68.68502979180755,69.8037493456937,71.04176599869994,71.65979708273949,71.85604585175149,71.56987504625381,71.40546878201553,70.15438387237826,69.82935579012108,69.4967044293677,71.01183012305015,73.3849458807076,72.9240899302827,73.70705690390422,73.37870794899865,73.94751482287356,75.37867521966395,74.74008138260572,76.15359338352306,77.08850275599119,77.23081556116477,77.61231392536246,76.45908838575728,76.02359377015783,71.58006716877765,74.15218968240028,71.68876167248123,71.04391396008756,70.44960484097676,67.71297039838586,68.51787536865481,69.13602838901252,69.91023199789592,69.80643491639496,68.80626893876482
