country,1965.0,1966.0,1967.0,1968.0,1969.0,1970.0,1971.0,1972.0,1973.0,1974.0,1975.0,1976.0,1977.0,1978.0,1979.0,1980.0,1981.0,1982.0,1983.0,1984.0,1985.0,1986.0,1987.0,1988.0,1989.0,1990.0,1991.0,1992.0,1993.0,1994.0,1995.0,1996.0,1997.0,1998.0,1999.0,2000.0,2001.0,2002.0,2003.0,2004.0,2005.0,2006.0,2007.0,2008.0,2009.0,2010.0,2011.0,2012.0,2013.0,2014.0,2015.0,2016.0,2017.0,2018.0,2019.0
Canada,4.924317048,5.239094893,5.480213969999999,5.836056241000001,6.18595265,6.624581111,6.831992434000001,7.348641542,7.857611557,8.099353899,7.956117337,8.432921487,8.925556164,9.042806246,9.313347594,9.505029260999997,9.3899123,9.069281024999999,9.007818048,9.591941746000003,9.904275950999999,9.927590274999998,10.265146055,10.683399679999999,10.780613108497079,10.579713439323234,10.600885207876129,10.860694079086125,11.100222428061137,11.504437219343968,11.736973495157537,12.06037154866813,12.147502285759314,11.970574431308993,12.35426071411157,12.716409803052416,12.397688270394806,12.778326560256584,12.839339710730597,12.98719349461678,13.122490971474656,12.927587413645952,13.378122353669767,13.319698111710844,12.55331412843946,12.790266858506413,13.35432326276443,13.18958982279394,13.590863069884763,13.728664112700324,13.5559083143833,13.448363706660663,13.617473786230427,13.84604346050276,13.690658540790078
Mexico,1.0502527126139396,1.11157158395628,1.1324702682883334,1.2329965534507905,1.3536893345652083,1.4448340709047367,1.5199836106514335,1.6804659571661091,1.811084531390284,1.9921421993175414,2.1290111591414456,2.2649285356239703,2.388908260725485,2.692464110419691,2.9733200744898967,3.242508510093614,3.581763634225357,3.7315031754178793,3.6903298446256616,3.8612003908583,4.048722934332888,3.9140175542806634,4.035265317576233,4.0622590814403825,4.291193074399802,4.512881535239785,4.683064308415136,4.759801785656746,4.78300683249408,5.0648865701940124,4.981923615361024,5.143167221146008,5.235502199412313,5.46874250174495,5.539140220883315,5.79759525853044,5.727398301440806,5.914489326337451,5.956233965316675,6.278284372366046,6.67777109204408,6.898143412525069,6.925807138489737,7.076612478600851,7.019936473175507,7.222911608988731,7.571642083015262,7.603508133547582,7.626757476198721,7.563909521627658,7.531233365264441,7.6149674424246285,7.711193938920475,7.6168586485071685,7.375450459773213
US,52.300472746675936,55.242417930816615,57.171040016451634,60.64363380530713,63.887341701781374,66.05314863566922,67.42609948775699,70.87760043833244,73.78497847796137,71.91690374078443,70.16406298144663,73.9680913241396,75.90877190480538,76.24228215655847,77.13359810307956,74.31635684652626,72.12155345225995,69.11357545370042,68.77247766173366,72.38854426634626,72.2000190493663,72.61743233857686,75.04826372845892,78.5060494026239,80.29777017637254,80.32322656688095,80.16615909934181,81.3268824850909,83.00347360900986,84.55280575036403,86.41280891710508,89.35677782880762,90.00865486118487,90.59872353270632,92.18878932161756,94.27061361251644,92.00786999934432,93.24279667066818,93.47649701824507,95.244006720594,95.1962306767532,94.18990516944112,95.31696296604974,92.4931349005068,87.52953397237287,90.21594256432633,88.99739548445717,86.36266522555823,88.3391941501627,89.01487788312882,87.90017979985318,87.21013160773214,87.09124147037143,90.09898340382863,88.8202492903918
Total North America,58.275042507289875,61.59308440777289,63.78372425473997,67.71268659975793,71.42698368634657,74.12256381757395,75.77807553240842,79.90670793749854,83.45367456635165,82.008399839102,80.24919147758808,84.66594134676357,87.22323632953086,87.97755251297816,89.42026577156946,87.06389461761988,85.09322938648532,81.91435965411831,81.47062555435933,85.84168640320456,86.15301793469919,86.45904016785752,89.34867510103514,93.25170816406428,95.36957635926943,95.41582154144396,95.45010861563308,96.94737834983378,98.88670286956507,101.122129539902,103.13170602762365,106.56031659862175,107.3916593463565,108.03804046576025,110.08219025661245,112.78461867409929,110.13295657117993,111.93561255726223,112.27207069429235,114.50948458757682,114.99649274027195,114.01563599561214,115.62089245820924,112.88944549081852,107.10278457398783,110.22912103182148,109.92336083023686,107.15576318189977,109.55681469624618,110.3074515174568,108.9873214795009,108.27346275681744,108.41990919552232,111.56188551283856,109.88635829095509
Argentina,1.1276320347962718,1.1651077531389147,1.199725304007338,1.2412339151821727,1.2839123961458132,1.2122868415905474,1.287879537303157,1.3107986976357882,1.3674199281240205,1.4270354497044875,1.39109434504845,1.4669567377538983,1.5325291350920702,1.5634665192944126,1.6579069197834582,1.6563557946544458,1.5969395479448028,1.6350704831394198,1.7078115366110436,1.705239442296863,1.6638019467422243,1.8365562495890375,1.919484692010281,1.9450980106981404,1.865745148439511,1.8464760978735113,1.867743452918265,2.0090873811465735,2.0738514914667476,2.1121648479522723,2.197696330813274,2.3513891133009666,2.337378453419038,2.422808136489686,2.3673078504192766,2.4629537243019564,2.436280313768216,2.3165866654842744,2.484392132604237,2.618624179296923,2.791701882370394,2.9290748213199094,3.059133207298988,3.11066248706856,3.0501283524893523,3.1865366747069372,3.236700037417734,3.317456607126298,3.4541958473151175,3.429151011095842,3.5031871539983985,3.494516502440775,3.47219169509175,3.440352689403766,3.3237748223599475
Brazil,0.969469371510708,1.057604646394248,1.0956531425761062,1.2528400211724782,1.3678315487244248,1.576556520798202,1.722247135532412,1.9819734866984438,2.367586637192765,2.590041595402089,2.73695288299172,3.006795384725401,3.2011360776109163,3.509040582687019,3.782156529447287,3.850336575297491,3.7552536569454595,3.9165602205040435,3.9568429375477856,4.227943851202795,4.477959813600493,4.730683834188797,4.872007636127094,5.05664547777878,5.143310625144229,5.076176707481215,5.270149968964854,5.526391356645165,5.775540842140278,6.063942881411638,6.372122820747431,6.7239997022387765,7.132930408767199,7.410641670113795,7.540346619673009,7.719769516842637,7.563818042337349,7.708112599339941,7.848057256497978,8.216066339676267,8.426683213019407,8.655418867349905,9.0693127065119,9.34497705377349,9.186314798051377,10.059344090306007,10.604277092378751,10.790788504882306,11.08210862328869,11.18489262413773,10.783593835924307,10.424803866050198,10.437655699973972,10.300932445347119,10.37932826573325
Chile,0.2603391874669595,0.2791208379011797,0.2845595081283108,0.2838664772295479,0.3057122533917099,0.32266634811407724,0.34814410200000007,0.35956750800000004,0.345820769,0.342110424,0.307994314,0.323633283,0.33559137600000005,0.3552447720000001,0.3671105400000001,0.37899133399999996,0.388854395,0.3554693730000001,0.364501377,0.38154117800000004,0.3869801720000001,0.40356104800000003,0.423627909,0.47273602200000003,0.521951096,0.5436147838000001,0.6095253452000001,0.6682677721999999,0.7076022820817953,0.7442495500000001,0.8025748203999999,0.8541828719280001,0.9795595048800001,0.9896887470000001,1.0297921486000001,1.0903536912,1.094730455592208,1.1327613590322578,1.1271090290307693,1.1821684853031902,1.231634059006986,1.3198949879445738,1.336770267958889,1.3161879971684372,1.2899403562008072,1.2934245281437438,1.4009373739722826,1.41720149632,1.4224675586265059,1.3993294011207715,1.4129258971734282,1.4626499098239194,1.445070517438024,1.5008425788677753,1.4633384041776465
Colombia,0.31774451856177854,0.3462238011991303,0.3685825412320835,0.3883016469470866,0.3950015623379314,0.4309344005643688,0.4235459075447413,0.47575446345561906,0.47506921413959313,0.5323572199345713,0.54143490624254,0.56398018448464,0.5769316910053001,0.61712968493312,0.6556097010319999,0.6667416416749741,0.6827836220512219,0.7138922952609116,0.7504027021490295,0.7702422065371505,0.8007353604551873,0.8269504135295065,0.8993367602632936,0.899917259893316,0.9470450313794969,0.8854787320903929,0.9198467528515067,0.9615321257863044,1.058470770787467,1.1361733473436233,1.1535437957301538,1.1830711359705826,1.2179416875149507,1.224575570539727,1.1330474747950983,1.1036354132467603,1.0858473928105803,1.0818615937906138,1.120130609850248,1.1397584913696595,1.141739646336518,1.2801674417713431,1.2848825215077735,1.3881390934173228,1.3189109953330482,1.4112916761476029,1.4736232228378325,1.5769834818567394,1.600211839457992,1.6842918060556418,1.6932958636724182,1.7869889949123041,1.819861847161685,1.8313974839516798,1.902914517373061
Ecuador,0.031004294999999994,0.032621098,0.035292123,0.041699712,0.04429498300000001,0.052921601,0.05814900900000001,0.060766101,0.065066407,0.075953428,0.076844726,0.08465873300000001,0.100776332,0.10527193600000002,0.10969552099999999,0.13918268,0.154495622,0.16974717600000003,0.16570931099999997,0.18356886400000003,0.217370336,0.22747262299999998,0.23416707600000003,0.270742945,0.279215004,0.28830683200000007,0.318681332,0.317100339,0.328281721,0.35691190300000003,0.338001891,0.384378266,0.428558267,0.43080789199999997,0.39215708436940006,0.36989527925515003,0.3751315610002964,0.369921024133083,0.376069875221686,0.40582866784893956,0.42903898688774317,0.4533427525858188,0.47511917106643314,0.5054385469566618,0.4949075130519589,0.5501989750579476,0.5822301093495745,0.6147382387053603,0.6349039807422557,0.665623711523288,0.6620097142200134,0.6573002757011132,0.6819771344651273,0.7204862269219158,0.736993605481659
Peru,0.20167533734566,0.24539537642567447,0.2497368012165689,0.25429380070806873,0.2560955698480403,0.26428486036371224,0.273879971,0.24504510200000001,0.28177648299999997,0.32656308900000003,0.33636454,0.34197183,0.34407950499999995,0.34257878800000013,0.35708304300000004,0.38241884499999995,0.40164190099999997,0.400527987,0.3539116189999999,0.37319633500000005,0.369762135,0.3959946729999999,0.425825432,0.41557326800000005,0.381398059,0.377345952,0.37399873899999997,0.3651420590000001,0.397769259,0.432850511,0.4719898619999999,0.488178006,0.4922679760000001,0.49425640800000004,0.5084834300000002,0.523256653,0.5165150648181819,0.5280342066316196,0.5202474023982865,0.5551876996830817,0.5789681794441337,0.5804230660962861,0.6363469006237428,0.6860706841516087,0.7008616231543101,0.7877332294178631,0.8905084948897918,0.8958575309434194,0.912856536850456,0.9289440555056816,0.9898125532305001,1.0517046595500874,1.0493071643948915,1.093202037576443,1.1086256216277353
Trinidad & Tobago,0.12105235363259115,0.12879858083384296,0.13729620375040044,0.14153143545491736,0.1459522315152814,0.16085009455702803,0.16217435300000005,0.22367667100000002,0.221919095,0.213785686,0.172228692,0.19372624800000002,0.20151650599999998,0.202834808,0.179175763,0.172322117,0.182052416,0.21386215900000005,0.20867845400000007,0.20572304599999996,0.212572638,0.22092609500000002,0.208493314,0.229204171,0.22549831199999998,0.25020357800000004,0.24951261861850005,0.26406245139255125,0.27838134023300004,0.29498805429108,0.3199198380747401,0.3626891416662117,0.3625837939364958,0.36804082093649576,0.40907375024453446,0.4275763164556368,0.4612572240124393,0.5005947098510842,0.5614149554651882,0.6172906104283364,0.6619057950653437,0.7730919318836232,0.7972827995862652,0.785540214958262,0.7790352783989913,0.8418928592467101,0.826784927594167,0.8139220194738715,0.8290253115874952,0.8247600240881894,0.8002404447655619,0.7099892831410584,0.7533794350628263,0.7134065960092653,0.7136785113618969
Venezuela,0.6884619865842386,0.6950042209415453,0.7326815715026291,0.7899855626150872,0.798485534512245,0.8054636516334676,0.81808536382367,0.8645864919555515,0.9896455222796307,1.022913468067119,1.0632541578955972,1.1620624830334205,1.2948514265955875,1.3232027326092786,1.4583665882383101,1.6329950494278382,1.6940813480946006,1.727425280742731,1.7198252604878899,1.7524300835444957,1.798970845960505,1.9322550618691214,1.927042502405004,2.0059005784202233,2.022655680711834,2.148937217786819,2.158771921007014,2.336915245581714,2.3117352670126214,2.509695660678988,2.5854362649166336,2.5171654985065812,2.6607329635579826,2.8236589551711946,2.7233958273809344,2.7774443652884937,2.943988634147022,2.937563228871161,2.6377284418204017,2.939637264791332,3.0673997194685776,3.4100027690438957,3.4305888081681184,3.545639466456141,3.5303333413176925,3.328685571078229,3.480485960273108,3.623168641013631,3.5334130619737723,3.414695090287575,3.294484082871185,2.9893197187681375,2.8551081363482966,2.453993713322857,2.2254156549161683
Central America,0.18244727915075343,0.18556823754138269,0.19637860096388968,0.20172173126266235,0.21562651664684368,0.2249104190642995,0.2342984102174666,0.25519433083214654,0.2680186757707197,0.27537829253734497,0.3003525592697287,0.308675923728774,0.3121350723438519,0.32642123776442705,0.33526070429034477,0.32548411223518825,0.3254974915270093,0.3232763305591612,0.325805815818846,0.3274908601848668,0.3387112688181626,0.3519663176808104,0.37491722432261587,0.37227255064969134,0.3935057458110817,0.4072658274785289,0.4307596147667298,0.46861197288696255,0.5055170068384882,0.5377062925657644,0.5810462053342619,0.5901360947141601,0.6218912219286928,0.6948950816693101,0.7104719606745283,0.7384830454822385,0.7625875856767546,0.770908038636731,0.8055547979566211,0.8273880986706866,0.8349228592223433,0.8776570650175214,0.9180858833326588,0.9409913617292655,0.9170179152103148,0.9495550885688608,0.9987864327747543,1.0249834691515802,1.0280638102342758,1.0522241765058213,1.1398602538526144,1.1821080682912954,1.2212911056525098,1.2556646056622238,1.2677728934505295
Other Caribbean,0.7577966091585333,0.7853916576216946,0.8180841773705628,0.8358701233666158,0.8572532590375898,0.9861921317715356,1.0108903090054653,1.0819828169073238,1.1682712925133136,1.160125725659052,1.1288508653007143,1.1490415054361947,1.203084757149145,1.2361029559616405,1.2756062276952294,1.436054256268457,1.457850819184334,1.2631951913378823,1.2101571989667506,1.2869307607290132,1.2047362008008908,1.1840578773494892,1.2331084015969003,1.2439985898495172,1.2955962614517853,1.2725410756753137,1.2435383098825463,1.1866544756762463,1.202052490347394,1.2592050548134883,1.2604781440855461,1.3077077808343789,1.3851668242363073,1.440369006937604,1.4004130129018684,1.5936671578369954,1.6285425673075744,1.657436804123969,1.692709412226464,1.7085743591317897,1.7169846826229134,1.7715212728806395,1.7244099265437063,1.6637786592783428,1.5518170243124283,1.5334628851162282,1.5497474425305315,1.5379756684602839,1.5030111895929181,1.484096332782946,1.519141524575685,1.5679213440069266,1.530138412660416,1.589652864138599,1.6295517585214596
Other South America,0.11189382717835834,0.12806102271098982,0.13659354851263314,0.1412366285637511,0.15154620227548937,0.15862040863921462,0.17456676579513267,0.1936056275900613,0.20037688433469295,0.185666811368156,0.2047396348167557,0.20737425612241608,0.22061688382551586,0.24978996133554127,0.26016572950216277,0.2750480200768844,0.25831203855252827,0.249412977423656,0.23787236449091745,0.2398661147139288,0.28173619904041786,0.3699122757930413,0.43632677810012516,0.4633460279087269,0.5086060632426982,0.5501582745145372,0.5811210145512543,0.5889833507630933,0.6378795182755131,0.7145192629926486,0.8020881637040186,0.8399498060499188,0.9118926960888255,0.9483487148075351,0.9479783442292488,0.9308539866607034,0.861408163822129,0.8905708465304109,0.9322609107628803,0.9165793552702921,0.9248226727507174,0.9242400098622602,0.9927281352737641,1.0129158300141143,1.040736525101148,1.0870894096582269,1.1034458550865305,1.1286929701125354,1.1637555095144916,1.1186819206113099,1.131129860307535,1.2060112485350476,1.193860264831221,1.1915643996344303,1.1305157257328873
Total S. & Cent. America,4.769516800385853,5.048897232708602,5.254583522260522,5.572581054502389,5.821712057435368,6.195687278096453,6.513860864222045,7.052951297074935,7.750970908354738,8.15193118967282,8.260111623565507,8.808876569284747,9.323248762622388,9.83108397858544,10.438137266988793,10.91593042563528,10.897762858299961,10.968439473967805,11.001518577072261,11.454172742209115,11.753336916417881,12.4803364689998,12.95433772582531,13.375434901198394,13.584527027180634,13.646505078700317,14.023649069760669,14.69274853007861,15.277081989183307,16.162407366049507,16.884898136806058,17.602847417209574,18.530903797329493,19.248091003665348,19.162467503287896,19.737889149570574,19.730107005292748,19.89435107642515,20.105674823834764,21.12710355147049,21.805801696195072,22.974834985755777,23.724660327872243,24.300341394972207,23.860003722621432,25.029214987448352,26.14752694910506,26.741768628046028,27.164013269183965,27.186690153714792,26.929681184591647,26.53331387122086,26.459841413080717,26.091495640836076,25.881909780736237
Belarus,,,,,,,,,,,,,,,,,,,,,1.4689444462089218,1.6770051988195265,1.7014168112520476,1.7258449865186525,1.6691654590159284,1.600447601583229,1.5831537147618888,1.4978438868599646,1.199601112854336,0.9996505786556106,0.907001344527823,0.929989614998761,0.9392980235282831,0.9191729959709646,0.8947098036577502,0.9194354532290157,0.8962790604127424,0.9229555177467084,0.9188323010592336,1.034909959041479,1.031214313694487,1.0953426868945981,1.0695034632722655,1.0816394968140388,1.0245844736256922,1.0871962573907767,1.081193927646251,1.168351799922647,1.0304523065289284,1.0638800648757254,0.9662981514548874,0.9607417198434685,0.9795638787033956,1.0446729955275862,1.0537817841038595
Austria,0.6718176769501014,0.7027889602165794,0.7098905110767545,0.7595373975603781,0.7881495779915778,0.9012019346384855,0.9002512221591271,0.9314194558912473,1.001043436593139,1.0040107361107904,0.9964771566069316,1.033949196385596,1.033673761997509,1.07899256767303,1.1418548577413636,1.1363651313836982,1.1015709414268398,1.0648248022925415,1.0620366376887478,1.0535647129573302,1.1062045634020592,1.1044307011272825,1.1692279536198464,1.1500696834720667,1.1561805905634033,1.1746464914027737,1.2327648382775902,1.2094879667894214,1.2299539718841603,1.2244939183974113,1.277604464027336,1.2841921989421017,1.3092681666335724,1.3284175909788785,1.3598789381141194,1.3646042703857126,1.413618775751231,1.417974522424653,1.4332001684324047,1.4488376008143549,1.464086387876489,1.4267166957159705,1.379820824286205,1.403850302530436,1.3500786054938652,1.3963281908353655,1.3024166406234983,1.363560480886204,1.3482920358493107,1.2785873951273377,1.2648154240946954,1.3092735875038395,1.331393006100671,1.3059994052524735,1.3574583687663975
Belgium,1.4864128905798,1.4320981199198404,1.5033838110671203,1.67533061569604,1.8386363179201204,1.9423568088388001,1.90551731554388,2.0257198989051606,2.05171372008468,1.98138953924768,1.862338410834616,1.975601914006112,1.9766182039833764,2.0631486863237556,2.12253849812212,2.0316572733128804,1.93151446578384,1.8494559551229204,1.790635777204584,1.8708480265824,1.95149044020704,2.012145228467996,2.072248959424408,2.113079729052892,2.1291235764659637,2.2554114649528434,2.333153402785424,2.32492536490527,2.2881255990404252,2.415480891427493,2.435950665080392,2.5900102331591244,2.6143445054716326,2.666083877024313,2.6427251519114785,2.7019516480157173,2.6795213782044973,2.6671386853145718,2.7666233382941616,2.7738027478268115,2.7356087044793194,2.7340399828526873,2.7461171979653627,2.7853613109980273,2.5840611462601557,2.7354730476352405,2.5265321910544887,2.4073955089955015,2.4618482252158724,2.277442015227207,2.298883523453963,2.482465154338968,2.49721820258233,2.4182435331788397,2.5271565027452616
Bulgaria,0.430442038,0.46153874400000006,0.5363217420000002,0.6001334220000001,0.668657294,0.7523020830000001,0.7833891970000001,0.8061941540000002,0.8374068720000001,0.8625685090000001,0.952994197,1.0086351940000002,1.0625134489999999,1.1006919469999998,1.1422482790000001,1.2058497710000002,1.1874283710000002,1.216574054,1.2243272950000004,1.217173582,1.2084960750000002,1.232987534,1.2423496360000001,1.270604578,1.259768342,1.1620428605103073,0.9436077659242509,0.8856595584549306,0.9413764325267362,0.9059155494201245,0.9724452415037406,0.9721128518103301,0.9180967342806953,0.882149762657686,0.7720594962798235,0.7766285762864715,0.8095646052140825,0.786672757002601,0.8101721169751815,0.7850024615919108,0.8484036237817768,0.8688493185782138,0.8413814215290425,0.8268483463305748,0.7242701023469352,0.748314752128426,0.79385526650132,0.7410856644655649,0.6757176944013069,0.7218166322322367,0.7658517955983664,0.7221961042071522,0.7377141765741023,0.7286014905017726,0.7016598414376256
Croatia,,,,,,,,,,,,,,,,,,,,,,,,,,0.35917644753200006,0.30151972548000006,0.287008683064,0.299269951612,0.3019335127600001,0.31249098154800004,0.334094577592,0.33229939068000003,0.351450615968,0.36277940856799995,0.343405694732,0.36086095171870125,0.36210927366606455,0.3792990906673846,0.39309000259062415,0.3887711518215189,0.3841903212719247,0.3869933879468937,0.3839839615960332,0.37774798078241334,0.38245191256186495,0.33423020741307313,0.3069155322501817,0.3327909012653012,0.32972890608488625,0.31158582505999993,0.3216294588067219,0.31978643571200005,0.33217040420385946,0.31769056830799114
Cyprus,0.016848902000000002,0.019219077,0.020834117,0.023138106000000002,0.027323257000000004,0.028817385,0.034374652000000006,0.038653286,0.041469013000000006,0.036767103,0.030708827999999997,0.031223014,0.035269141000000004,0.036160147000000004,0.0366942,0.037003194,0.035482297,0.042529651,0.044750447,0.04540496,0.04883536699999999,0.050916378000000005,0.062210971000000004,0.064242021,0.06592331700000001,0.069388329,0.07024376400000001,0.082068048,0.08528464000000001,0.085436497,0.09083042300000001,0.09217734400000002,0.09306584200000002,0.09880778,0.10397044400000001,0.10893997900000002,0.11019475000000001,0.108669371,0.11551788200000002,0.112414277,0.125964536,0.12386727232076399,0.125877476238923,0.12831517648535537,0.12502977228668188,0.12122780632036785,0.1188956003201698,0.11049399232000001,0.09788273232,0.09826362200005659,0.10068955323408489,0.10969391667600001,0.11271697442893258,0.11197071501000001,0.11159180137000001
Czech Republic,1.6861615320000003,1.6988670620000001,1.6725614130000004,1.744665257,1.8191461290000002,1.8956340320000002,1.9925447580000002,2.003828014,2.0158951490000003,2.037043744,2.120308178,2.1796903029999997,2.2510656100000004,2.282668718,2.3065143809999995,2.2334608850000004,2.217081276,2.191338982,2.1948082120000003,2.26798378,2.2718418590000002,2.296259384,2.347826779,2.3581136050000007,2.285869651,1.964823054292,1.7881890388800001,1.7351153661397978,1.7185429488663666,1.671739491917898,1.7411312885382797,1.8022112774561354,1.7255430926934425,1.6738245725260337,1.6027797586603845,1.695622066772156,1.7346130475437056,1.7383167079439905,1.837836048863486,1.8837844079323642,1.8552988793818879,1.887255250675277,1.8627673939150002,1.8185094066043972,1.7339079287626666,1.7976660810098157,1.7349596401467429,1.7180795620304552,1.678123127443867,1.6311538973804802,1.5996718851676137,1.5763033840938347,1.6470599740641594,1.6442732424888513,1.6203404165216673
Denmark,0.5983336558000001,0.6805970864000002,0.6844283931999999,0.7151871396000001,0.8209535534000001,0.8747464410000001,0.8266710740000001,0.8724167038,0.8440749412,0.7679145684,0.7568485672,0.8331831798,0.8502645888,0.8625775588000002,0.8608164808000002,0.8385254736000001,0.75315586,0.7197632638000001,0.6837196061999999,0.6951015528000001,0.7831565436000002,0.7995750248000002,0.7701365186,0.7602567618000001,0.698909164,0.7181315108,0.82629886251304,0.7695427126519401,0.8133003594155802,0.87428729822939,0.85704526592094,1.0209619475582001,0.9149747135099999,0.8708584994969599,0.8383459300930701,0.79135434000078,0.7910376428409177,0.7794452443344173,0.8320974387465979,0.7681675208540742,0.7353484947131431,0.8265623567196242,0.7684256224980208,0.7380426283259489,0.6887033860637473,0.7055147021579665,0.6389919171595047,0.5714803739481813,0.5939173820136763,0.550502788270675,0.5172196263775303,0.5289615957434244,0.5025592966384191,0.5040981762352518,0.476978142112162
Estonia,,,,,,,,,,,,,,,,,,,,,0.42642940338684027,0.4243782708751901,0.4307988593041214,0.42347831347133363,0.4364102058191722,0.4335017245134227,0.39114390974975843,0.2833785839646263,0.22476913303179322,0.22707157774931658,0.21188097209967305,0.2234026890521999,0.22092852318111164,0.2066622198022284,0.18949023408856216,0.19388530308531662,0.20158698824991222,0.20019814665156335,0.21753907391512467,0.22727920014652356,0.22333998196007884,0.2195356170734886,0.24889790561109493,0.23717444838246415,0.20744576206876997,0.24676333908712042,0.2534664414285939,0.25393505712370124,0.26560672318644696,0.25730359551312293,0.2383683630345407,0.2401527160054456,0.25840989233054407,0.27909374905093465,0.22068254748943544
Finland,0.4094184444433535,0.46621720814008083,0.49020509505692933,0.533344056000889,0.5880714876785454,0.6480060102424242,0.6648021228080807,0.70146171679798,0.7735770777979798,0.7403860490303031,0.7526278530909093,0.8004262628181819,0.8445641174497608,0.8782973803056886,0.9485936161281234,0.9446944782769805,0.9500879744928229,0.9379896395730994,0.9283732488607126,0.9678482802115896,1.0166402742381713,1.0284280804779373,1.0823832288017012,1.075514157994684,1.0805254726714517,1.0995810701245536,1.124535498670503,1.1182145598361133,1.1220391843730557,1.1785268673789482,1.117880682789089,1.1820143862694856,1.1742753768873668,1.2034486245811487,1.1892722042134163,1.195624113373266,1.2286405229982063,1.2351889814344055,1.327874353878355,1.304519393391812,1.1853321970315904,1.2642212242417656,1.268899879436367,1.2129744098774058,1.1319944943061595,1.2183851226858382,1.1208814129674898,1.082724344487661,1.079919544265613,1.0257176283384932,1.0091563223402913,1.04236359614494,0.9824770799773164,0.9710166187199956,0.9201880169612912
France,4.684322860249218,4.790275689270982,5.101155099623379,5.379772489888274,5.929856753297736,6.4380372727350945,6.699730546544809,7.162671636670711,7.781646574435315,7.635635731510126,7.188633256561951,7.6647511290431805,7.748543742184413,8.100337852014595,8.339811021668158,8.230917579354818,8.139097889072,7.83539205748,8.025237471884001,8.29021608524,8.561776252728006,8.770164732284,8.9262873069,9.040830973252001,9.165935508231998,9.443987688000002,10.038005628,10.113745611577036,10.112649067552086,9.973967501137913,10.210115724545739,10.59141602175619,10.44132317000292,10.688973181399735,10.86976492399968,11.006193853065671,11.13285692938799,11.018541448189781,11.132581939143746,11.220382187672787,11.144228197222711,11.034239927512315,10.786603640338775,10.763200100917482,10.12364101364879,10.40688711128004,9.958033888201749,9.892048265620017,9.962351236860112,9.487632454639952,9.486156468416077,9.3053376321357,9.206323564065531,9.332179950545948,9.06511209848949
Germany,10.678971250599188,10.705835386205608,10.678946041753594,11.402203314677791,12.301291687877175,12.976378295660613,13.095283379829125,13.550526422714217,14.329944279413729,14.07804180859687,13.523322319793612,14.430888475650898,14.391344696882514,14.91141447066245,15.738827590070176,15.214383550306062,14.738364719277056,14.215555294649413,14.42008138524858,14.947931334164831,15.38524867446196,15.258442818280521,15.388001424645385,15.435168806373557,15.269765611349992,15.032272504,14.665949691999998,14.36635814182382,14.298537328075446,14.156815688331127,14.221353040928236,14.685793555398641,14.481204322460725,14.340787250754214,14.121267129108956,14.155122768518948,14.390200118530451,14.129718034790276,14.050873785262706,13.944444200043776,13.6786897189549,13.901164088508649,13.117071006287448,13.221297494175737,12.32045027446408,12.800309094926376,12.089770896060974,12.116330437999999,12.439334174216869,11.736703135880838,11.74082189155,11.975788836732544,11.903556169709596,11.469613246446086,11.022446137832326
Greece,0.284409496,0.31082410800000004,0.342360876,0.356015359,0.37567291900000005,0.417204996,0.497366772,0.558132225,0.642726858,0.628262611,0.7125428100000001,0.787453597,0.816644469,0.830329686,0.728630797,0.721791189,0.705265568,0.714761976,0.7195659360000002,0.751049009,0.7934682570000002,0.794881294,0.8696848120000003,0.9186249540000001,0.9962144909999999,1.0490513886321897,1.0572430729111604,1.0729502395288812,1.089353007403523,1.1084929077245456,1.1484982047765597,1.1796977733958418,1.2120836159201334,1.2874049879618032,1.2843684945024634,1.351668133932536,1.3610145675390197,1.367290404539481,1.434187718024333,1.4354223172864256,1.4422457310349104,1.4852509586487965,1.5110605427550474,1.4532496400526036,1.4012181481699795,1.3278633707305576,1.2841425805728395,1.1968120318817899,1.1089064570038174,1.0419171548148083,1.039905959630487,1.0162939823902468,1.0716625146924472,1.0610859859257535,1.035394871927246
Hungary,0.6658631099999999,0.6748017540000001,0.6439598360000002,0.668123772,0.715483514,0.7708460880000001,0.7958873050000002,0.821729805,0.8898334220000002,0.9170889009999998,0.970882981,1.037250587,1.090630635,1.166446592,1.1550439790000002,1.1585473700000002,1.1467832990000002,1.1518748440000002,1.1314964560000003,1.1619354720000001,1.1986788000000004,1.1928719520000002,1.2454817640000002,1.2161622220000001,1.1845693390000003,1.1709444667174864,1.0948969592279212,1.032104704243178,1.017493766993542,1.0308445147319836,1.0374016179117478,1.0561111777183398,1.026826924310501,1.0380191784903976,1.0399590094511661,1.0065222100976632,1.0353690279259022,1.020770077163633,1.02645438629547,1.0282864473739812,1.0898380932595317,1.0766542571034297,1.0571416879075328,1.031087579300885,0.9383364280678712,0.9568242640188345,0.955733713039177,0.8858109998697812,0.840024478991162,0.837694185975146,0.8809246493640227,0.8958673433094113,0.9403705049940052,0.9437182649680893,0.9479549089759474
Iceland,0.026885552023999983,0.02822468933599998,0.027937430183999985,0.029560844775999982,0.029385438431999977,0.03533892495199996,0.03847451827999996,0.04173953147999995,0.05041104867199995,0.04927261573599994,0.04712322099999994,0.04867999099999994,0.05153516399999993,0.05380141999999994,0.05578893499999992,0.05647572799999992,0.05680392179999992,0.05782226479999991,0.059594600399999906,0.0628002611999999,0.0621640737999999,0.0646503133999999,0.0665661603999999,0.07021301739999988,0.07269256419999989,0.07250735559999989,0.0708681617999999,0.0738389392,0.07655199200000001,0.07739555979999999,0.07965427379999998,0.08402706780000001,0.08788515479999999,0.0925623354,0.09718233320000001,0.10201845620000002,0.10202213591688314,0.10681844116129033,0.10775670696333454,0.10956699525757693,0.10845515306040028,0.11137033539921574,0.12191528392192263,0.15640341489391577,0.15146995520923817,0.15254903046082355,0.15062139933904883,0.14810135614493344,0.1542043798868695,0.15418140649133205,0.16510341583755844,0.1658033078196955,0.17490559137425943,0.17464692400687343,0.1651900559053312
Ireland,0.242979458,0.27235543100000004,0.29529264400000005,0.34450096900000005,0.34576337800000007,0.27237586300000005,0.283140603,0.2988136880000001,0.314117321,0.31953154600000006,0.2989855,0.30517537699999997,0.325187948,0.33835203599999997,0.3730981070000001,0.360987694,0.352212338,0.349717695,0.3446557539999999,0.3410426900000001,0.35779602600000004,0.38641717400000003,0.390946463,0.3889534900000001,0.40085074000000004,0.4208721647753863,0.4359833492405846,0.43892678086891074,0.44840548576275485,0.4660759252191953,0.47531613311585713,0.5024108618469812,0.5234707412725654,0.5618862848013155,0.5943292943371351,0.617626222587991,0.6540409884464978,0.6491965120814096,0.6316311581049348,0.637854226095696,0.6614921520985693,0.6706435991899604,0.6875941352274753,0.6783972397006015,0.6104101530957473,0.6090293067452479,0.561300192032693,0.5572682311900852,0.5397114649992082,0.5320347661924028,0.5547577350401649,0.5823672421760944,0.5709561894109508,0.573884927814233,0.5613391298164147
Italy,3.286740382,3.5657110590000003,3.8665114880000004,4.181729293999999,4.5049231999999995,4.975807401,5.2436166879999995,5.505547118,5.751057085,5.744491551000001,5.622952547000001,5.941391270999999,5.954296973000001,6.104972964,6.2980204230000005,6.133892865000001,6.010644218000001,5.889549869999999,5.766116038000001,5.8552719579999986,5.834787897000001,5.991988503000001,6.172885159999999,6.324779933,6.513521772,6.541808880992,6.690311041436001,6.683154475988001,6.57333485408,6.563330958788001,6.833783665780001,6.838083284852,6.930437240140001,7.109439318244002,7.328389436416002,7.425892011652,7.4563259178833245,7.384013402673549,7.615527020191078,7.733255163153756,7.737131817312487,7.687794126675627,7.53078222866357,7.387882145475533,6.834179080543368,6.984608114730022,6.712172659497266,6.3913587745032014,5.994831449610592,5.6163595856161415,5.735801354465276,5.781268945436841,5.828400737507553,5.884428685343293,5.73767476823085
Latvia,,,,,,,,,,,,,,,,,,,,,0.3807173971834662,0.3536308865068335,0.3220558388876847,0.30426856885917664,0.3038061737748557,0.30837789287792244,0.28473346058588933,0.20369840671858405,0.175104521323662,0.1693107818264633,0.15855072965367345,0.148064111751971,0.14845380116943466,0.16085744535748636,0.13713939856593066,0.1340431166753502,0.14452986975463955,0.1459064238511971,0.14368107221912085,0.16112733393144768,0.16592751059541655,0.15761613145031347,0.16257701624093243,0.16339761058585475,0.1544869495990141,0.17432604658118644,0.154767577633031,0.15783886996931076,0.14977142090312093,0.13582047734821798,0.13783706158528866,0.1474226906844055,0.16109078677682545,0.14450914440409415,0.147228247261856
Lithuania,,,,,,,,,,,,,,,,,,,,,0.648202906019084,0.5978512501574855,0.6265962054441746,0.656947313868373,0.7110318403212087,0.7228652481461584,0.7644695802155367,0.46728993498807586,0.3651585721626016,0.31572258901897027,0.35215173651924114,0.3830257062173443,0.3534233326000001,0.37898315019999995,0.31540466280000007,0.2788943038,0.32581836842857137,0.34729197861290323,0.36405154486153846,0.36716570657587494,0.3338618227793764,0.31901070084365507,0.34644405539971385,0.34261554384916676,0.3139541283297983,0.23047250455644175,0.2369960142536586,0.23614929552727276,0.2148432926253012,0.20561925294071856,0.21322401304285715,0.21494132708934915,0.22499370570000002,0.2269766492421053,0.22203787061627078
Luxembourg,0.1504388518,0.1441558152,0.14196856440000002,0.15354995479999994,0.1652614134,0.17159681400000001,0.1650088886,0.17015187880000002,0.18038414980000003,0.18316979220000001,0.15215227180000002,0.1524080006,0.14207916080000002,0.1478026158,0.15191517300000001,0.14003232859999998,0.11969518079999998,0.11213360280000002,0.10481811260000001,0.1129247314,0.1159854376,0.1133799218,0.1070757068,0.10973517600000002,0.12615759960000003,0.13355564862344976,0.14352864931027834,0.14397376045869753,0.145835576566156,0.14020825459263309,0.12188378461350709,0.12542117610785214,0.12269098081588135,0.11836843700144044,0.12503167419711916,0.13333475413452045,0.14289554455478462,0.15626393262291177,0.16380351736273513,0.18534836025631632,0.18788107072433277,0.18434199715905297,0.17695204970305528,0.17561995526774268,0.16782730471997168,0.17691637095042187,0.17185420377279395,0.16836540743280073,0.15955012996113868,0.15341234195736644,0.14804779522476738,0.14567882127284026,0.1496573521656206,0.15602450005035684,0.15893646299801936
Netherlands,1.4902563370000004,1.596158762,1.687680101,1.8878092289999997,2.105164568,2.375192768,2.5046912110000004,2.9092273160000004,3.094615969000001,2.936741619,2.952298511,3.2198703640000006,3.161969956000001,3.2222603809378074,3.3304805207129835,3.1272316719859234,2.9643045980118172,2.748013739745398,2.7616141846937245,2.8695347712320904,2.9563451500373263,3.1018305092178706,3.164309443289122,3.1731755123123095,3.186972512420325,3.269541307282138,3.330689127863015,3.3697106390794613,3.3963893590225633,3.3582695404593017,3.493869307879146,3.640855530411283,3.57339429248285,3.595374506221722,3.5492414013587132,3.591572924155667,3.7271203690863826,3.7213957651591776,3.746823792986046,3.8606966098650934,3.920884159490628,3.831958733597231,3.8908612065048547,3.8251231023460686,3.7522215099060894,3.9812804437321,3.791507218405407,3.661905813415996,3.553252291516468,3.3520200398431697,3.3790919426748824,3.435462987562535,3.357387662284098,3.3315805304965247,3.282204209681733
North Macedonia,,,,,,,,,,,,,,,,,,,,,,,,,,0.10645767345223917,0.10546363372491764,0.1083059137710914,0.10866932171675388,0.10194214079562713,0.10262731429398153,0.11926075789038025,0.10746838858527713,0.12142765114198381,0.11611814100168756,0.11029693972041117,0.104087190746082,0.10161929734453201,0.11424277543790837,0.1127456994769365,0.11623651472504844,0.11809724060622767,0.11760313680894989,0.11366407229448028,0.11168357617897277,0.12051578106324463,0.12082110714448177,0.11227298564631347,0.10737481339862115,0.09911629188271986,0.10340791352471414,0.10731545387424424,0.10342591279975893,0.102989960603128,0.11026878296199835
Norway,0.7436181966279999,0.76196949508,0.8176676816679999,0.915757743268,0.9190258537360001,0.9631505014320001,1.011705797248,1.0726973282999999,1.135750796072,1.1441680953520001,1.161145527472,1.2424695929240002,1.1464741906319997,1.2865911578880003,1.3763283048480002,1.310102472008,1.3807244610640002,1.3640418692240002,1.4969646481440002,1.516455748944,1.5014911775039999,1.467070445052,1.5399931519160006,1.5858086211880003,1.6879556207920003,1.702825848890656,1.5709941924877866,1.653951137093626,1.7074340780597799,1.6509808531773793,1.7499186862534375,1.609668083482056,1.6927528421961944,1.7592071015193442,1.8040277073977204,1.9950181906066229,1.8095008124007168,1.8804495875772402,1.6624216090766826,1.6921472133356934,1.9249086787359924,1.762625909515658,1.8873575910088085,1.929709746614646,1.782815992523672,1.720940650363377,1.7360395901341883,1.9220385401468836,1.7940776639964908,1.8418110671893781,1.862763405149794,1.8785092048725371,1.872081594781907,1.8506530725785986,1.698390136799295
Poland,2.7929148379999993,2.8472267040000006,2.9303565120000004,3.1537317860000007,3.368350036,3.55469559,3.666743764000001,3.866611884,3.9387280530000006,4.068453236000001,4.389261144,4.624714029000001,4.821187591,5.062234978999999,5.137785296000001,5.379902986000002,4.850031254999999,4.938923238999999,4.960506143,5.157227617,5.27343528,5.422707693999999,5.600594825000001,5.494621878000002,5.28806226,4.355640878000001,4.261117100200001,4.074379969000001,4.072990108999999,3.8977438798000006,3.989403163800001,4.187445396384643,4.145917758938095,3.9710575362482077,3.8941476039604868,3.659136692718818,3.6309023427562677,3.5914859368183576,3.7143839937220253,3.7352694063736913,3.80944982001763,3.990574758478658,3.969580229908623,4.010314316385223,3.838748309447712,4.080644940153777,4.073604940855258,3.9057218370929023,3.920933081955758,3.7433757753164816,3.7582721719110075,3.94502157188096,4.095516430000002,4.1688205038828805,4.02979287663677
Portugal,0.17444210400000004,0.190701392,0.20425943500000002,0.20786316700000002,0.22438970500000002,0.270894726262,0.29911988401,0.3254273905309999,0.35918057674500004,0.37621713687799996,0.37413005922199993,0.37129737061900003,0.41828325007000006,0.440495344788,0.467191306958,0.454849814204,0.448451462973,0.4841724809210001,0.500347520374,0.5208728393889999,0.529090947715,0.5615125196530001,0.574423839317,0.6363533475169999,0.6923271628930001,0.7005944544472344,0.7262487135820546,0.7360140321382082,0.7549911286485294,0.7807745395238918,0.8582091520867206,0.8815647415224105,0.8945493596179865,0.9773768048440089,1.0016283039007767,1.031140517679566,1.0433508612378029,1.0368046944872331,1.060039503054799,1.0377736163722642,1.0281010605305374,1.0010433101124478,0.9926813625207429,0.9405458551130635,0.9232010487317539,0.9490253831903613,0.8985389419296217,0.8012932194086759,0.871261231925784,0.8765671363271024,0.8709643370511011,0.9214129641706189,0.9133438764818714,0.9129629042716206,0.8657548908545418
Romania,1.0027468759910398,1.0695038106405002,1.19328835550418,1.2697193667359599,1.4594923464907281,1.553449921768196,1.6479357983999998,1.7350556229000003,1.8880965332999997,1.9007146260999999,2.0729996801,2.2352029003,2.36975682535,2.5518663512999997,2.6020234388000003,2.6264947876000004,2.6326964107999995,2.6105376123000004,2.5934571598999994,2.5738874378,2.5654523939,2.6213239958,2.7183895128,2.7665543827999994,2.7720936618,2.6393915477520005,2.238587531752,1.9748545277440002,1.9185497906599995,1.809046309772,1.986519893172,1.974583039308,1.871387254312,1.7103948995840004,1.503297594176,1.5024873837400001,1.5196493984983377,1.5772810958523873,1.579021258105231,1.6347774053613247,1.6360151420464302,1.6708241815923017,1.6107001075000948,1.6111854109250805,1.4044264372329909,1.412649928356172,1.436157559790439,1.3693021406592727,1.2509675524197108,1.2865175119575563,1.2645026512919997,1.2670501589597152,1.2835006312000004,1.3203734865790298,1.2748686192582555
Slovakia,0.38317621626873777,0.3967266440488614,0.39901196420193036,0.4405856251550294,0.46037776142979947,0.5089718218926255,0.545960106,0.574159779,0.597475395,0.6282381390000001,0.657776075,0.682378403,0.7171248060000001,0.752560263,0.7740908820000001,0.786155174,0.7800609439999999,0.7716950600000001,0.7737974330000001,0.833710487,0.8594184220000001,0.8517362950000001,0.8709235729999998,0.8754167669999998,0.887753424,0.8902722111800001,0.7964562167520001,0.765846117132,0.7512071244640001,0.739117461268,0.749489466248,0.755182490356,0.741353771932,0.7490720707920002,0.7549487693200001,0.7791654506279999,0.7986063991268885,0.8061128667199018,0.7824932597809763,0.7625373649346655,0.8033014377549906,0.7699164018154092,0.7202252018872116,0.7446593105310352,0.6765715440852419,0.7191337474011948,0.682769253199317,0.6570315929399999,0.6721870335476144,0.618839679980431,0.6230390880262856,0.6253693272648521,0.663355462836,0.6525476888452633,0.6346947849913656
Slovenia,,,,,,,,,,,,,,,,,,,,,,,,,,0.24655984302698974,0.24648131950875252,0.23050986992924197,0.23716006022036745,0.2522350806567017,0.26506580199710694,0.2780222348775635,0.28468239128845824,0.2852560698867432,0.28180064763632207,0.2787527080155059,0.29151255213871274,0.2899363268873805,0.28439524418380213,0.30153965676442557,0.3020212960142835,0.3047351678329877,0.30271878531166546,0.32897971949916255,0.3038645246334471,0.3035559278359993,0.29445102855787564,0.28407975391599044,0.2797559958973565,0.28652547893970903,0.2590107985489463,0.2775145767396197,0.280391049587531,0.2843770389532284,0.271308928906676
Spain,1.2019625170000001,1.3569037560000001,1.466934544,1.5431175380000002,1.7448277010000002,1.884881874,2.0742558160000004,2.241818942,2.460552073,2.5606621190000003,2.632847264,2.817068959,2.9080152110000004,2.9194204640000008,3.1436475899999996,3.168918449,3.19809617,3.1932092859999996,3.2677269880000006,3.314907431,3.286980736999999,3.3587606359999995,3.481890305,3.6299008610000003,3.814804884,3.813530386611768,3.9479325425751597,4.143160144381392,4.004732127690192,4.191751949859969,4.351561815390225,4.513403082935321,4.759096922781739,4.980062137298683,5.124260544696901,5.398528577993615,5.627243220451633,5.658682669856223,5.961153918804458,6.171990654043747,6.178907047795234,6.251787979908686,6.338064821590309,6.075435395373572,5.504625744083969,5.540330853329013,5.407304273535117,5.260983203124709,4.924647655329379,4.846993036999316,4.943198777297676,5.000449413099897,5.058296068574389,5.123126275246974,4.97551267203236
Sweden,1.3846790685894868,1.4791695335973079,1.5133737859111744,1.6186121135533524,1.6229809354215534,1.7232300373039866,1.7477432091254068,1.7992090233640765,1.8997632878635669,1.7568846517010066,1.862785732371168,1.9830010219860552,1.956396895080837,2.2794875338489664,2.404085046485574,2.255742499992874,2.232675057962808,2.1221893335558795,2.098413551488413,2.215950888177385,2.41068807393849,2.5036937906754777,2.443311147926499,2.385820942915997,2.329366722819191,2.3724856655233197,2.250707809368485,2.2620072568064273,2.2349710103468072,2.2418580943738458,2.2616187023739807,2.207137483378728,2.269260025906591,2.45792070370174,2.3860118283701888,2.1870969500731396,2.354593127069318,2.200134113004398,2.1076147108455188,2.2395481330478955,2.2891080717237697,2.137881310956754,2.1481308972802573,2.0945013215665305,1.8935683367603495,1.9916975673242896,1.9449694451381458,2.052092707050419,1.8973512164655792,1.873535217867825,1.885995100920028,1.8404882290595714,1.8778757944635578,1.8481222002545654,1.8807442842845283
Switzerland,0.641339269,0.688221126,0.7347389850000001,0.7729109470000001,0.800908432,0.8774356110000001,0.8984717019999999,0.8873605090000001,0.9810340020000001,0.9360527750000001,0.9694766770000002,0.928909289,1.028363835,1.0134692720000003,1.0081748310000003,1.0793629850000002,1.07401455,1.0517275740000005,1.0953680520000002,1.063401598,1.1359050063864964,1.192193361545986,1.1831444386443384,1.1917190301759701,1.1152208179819245,1.1645352003221692,1.195429388266879,1.2140862352355133,1.209949788718235,1.2699272286608188,1.2037150511972357,1.1651899431903245,1.2440891412440194,1.2512238795720363,1.3044506955784156,1.2724749749649122,1.3584336274851798,1.2652838164093223,1.2514094607937676,1.2331481940056381,1.1833094001399187,1.2307536650746422,1.2134789853686363,1.2540886264099576,1.2505015674528883,1.2157538459185315,1.1517878432336588,1.2133685396374507,1.2434032472877576,1.1801678416649257,1.1505092212456816,1.0765883323021128,1.073038603930244,1.0864529917248011,1.0856611098381779
Turkey,0.32660504,0.37478791300000003,0.387232254,0.45103054000000004,0.492628629,0.5241939430000001,0.581035172,0.6490549140000001,0.7362264869999999,0.750291258,0.834932633,0.9402483849999999,1.029065472,1.0886884659999998,1.0258385069999998,1.0657075569999999,1.074878432,1.1741126979999998,1.2156468349999998,1.278846186,1.382101031,1.506425178,1.7139338270000004,1.8792088470000003,1.851191977,2.0074410269999996,2.0494878460000003,2.1534867100000006,2.3370854070000004,2.2646855880000003,2.531709482,2.7614001170000004,2.8889099750000002,2.962340133,2.8896525989999997,3.0898872379999998,2.809196401584416,3.0701746212258065,3.252247095384616,3.477831595936306,3.56165815443038,3.9498310274716983,4.19881832,4.209229198360247,4.255046820111111,4.4643311611717795,4.755830947692683,5.034954178363636,4.960736745994276,5.116114502802396,5.5684780152603865,5.798069479587649,6.106644005763784,5.94467473386943,6.079568234998904
Ukraine,,,,,,,,,,,,,,,,,,,,,9.991999514109473,10.038549257049567,10.251915938767036,10.256079356745325,9.81456534294636,11.416146712085073,10.569402084061464,9.209604205694244,7.7977482906706,6.592370170435787,6.352801351728157,6.116402028442789,5.772507866948247,5.647461742857592,5.6744705445879555,5.693205570385734,5.617806650639027,5.568683363297294,5.704249117363246,5.709294714549613,5.733992653134138,5.812178248854293,5.774941261420354,5.589495850279301,4.745171242569027,5.075688072745153,5.27210563368787,5.135080965964281,4.863272441210695,4.271688376902641,3.5337635964971854,3.7060050882890407,3.4371774260342236,3.518185472903922,3.358644106479759
United Kingdom,8.33217842,8.371725479,8.373413642000001,8.673094165000002,8.987065320000001,9.175234446000001,9.005758119000001,9.138020592,9.593002311000001,9.109589046,8.588696660000002,8.763788649,8.927457302,8.979262683,9.399525426,8.561539160000002,8.323674066,8.214225942,8.246208772000003,8.241753335,8.590914748999998,8.829607891000002,8.815988921999999,8.931665687,8.940693925000001,9.005833163,9.194282503,9.132122641,9.230940947999999,9.114363562000001,9.143991611999995,9.586177907000003,9.412706661000005,9.504844386242334,9.4490690959395,9.524697402071885,9.624218518656754,9.39866148831885,9.521553632552449,9.555212503080739,9.632213203942783,9.494780105298187,9.192515632636846,8.984979479304593,8.492353182742068,8.677508768765055,8.129345684405811,8.182119945709092,8.021227443522722,7.433609414225456,7.368830745216897,7.270878670390544,7.1154407489476235,6.97458954109234,6.760043419693465
Other Europe,0.6609048983669163,0.6953697168129039,0.7051375093845603,0.7759887323240963,0.827786472649925,0.9134279205792123,1.0679331439857223,1.1129796147685527,1.1675239945510323,1.2936943233336997,1.30461279611638,1.39008301989891,1.49060444590154,1.6221016616150825,1.7586466563856624,1.710857065860255,1.7018073015359612,1.7721584338366791,1.9108341902943857,1.990790948203092,2.5449106323623405,2.669940306420281,2.703127352845585,2.7861882508819145,2.7054069239137264,1.910354790450492,1.6839948114548544,1.4727232357744935,1.2705599968445065,1.0857624901405758,1.1134177161089605,1.2170197712143092,1.3099970740152866,1.330299982619497,1.2097273041566963,1.299163520994038,1.3560785184622537,1.4213036529420933,1.501928922252299,1.6307709460932336,1.6082309083741626,1.6487934199216734,1.600844769207831,1.6388248897567772,1.6631028181441667,1.7761696504150781,1.7443895965475897,1.63488477190008,1.7275152862653202,1.5841355401136334,1.6883973453278003,1.7895846037177168,1.778687179012165,1.8766453841086645,2.0073802885447343
Total Europe,44.45486988128983,45.78197452186866,47.12885183203162,50.27701294503581,53.931573681725155,57.42540951130545,58.97741276553415,61.800628450922936,65.35725042652847,64.44728183119646,63.78986085716957,67.42973947603194,68.54893144113194,71.17443319895736,73.82821414472015,71.97144913348549,70.10660302900015,68.79429122110093,69.42110245598114,71.21843572330172,85.18065336257973,86.59875132659144,88.35471002533292,89.27355678908057,88.9436711945646,89.73455690051657,88.4247212216053,85.79220447398099,84.05846493373224,82.23787917437531,83.80988741268092,86.10854085007855,85.59866935507873,86.36230471817554,85.91699070358868,86.795956864064,87.7470121212291,87.20953364135887,88.63468665454553,89.67503426303736,89.84024277294438,90.33910562297758,89.08584506482757,88.25894701010992,82.5371152688227,85.20113689116711,82.53924550627558,81.53288438162238,80.18559055175311,76.48290815404415,76.46904777246199,77.50352970433904,77.6374146015024,77.25863739879978,75.63189810372813
Azerbaijan,,,,,,,,,,,,,,,,,,,,,0.8442044369155274,0.908828778327393,0.8807174591434949,0.8814499809473251,0.8988588215866695,0.9360200059285212,0.8992732960343701,0.7700246038383576,0.667472088300741,0.6134724625846704,0.5768744252808835,0.47294198240204327,0.4527351092852003,0.45436801015677386,0.4526591337160946,0.47257533610852104,0.4555797487593884,0.4498207086617185,0.486586317159292,0.5517702757319746,0.5981868901878481,0.5885875322007548,0.5324387682203219,0.5376109340772601,0.4749497916557969,0.4684876459218345,0.5211879587978829,0.5369692250638779,0.5514563642495985,0.562203860826092,0.6146846851652656,0.6083388732462652,0.5967665676233136,0.6135944539642232,0.6534106316242843
Kazakhstan,,,,,,,,,,,,,,,,,,,,,2.862336917178882,2.928217047990625,2.993643324572772,3.1021360734894197,3.05345931103922,3.089179289888228,3.0859735878723957,3.0463820548776006,2.6883353044440006,2.3931125353919285,2.149985601860306,1.871579067722762,1.6502243345387577,1.5548296585831087,1.4611029125081167,1.3424107430903998,1.5111398091402597,1.5468405632064517,1.7038042611384614,1.8071873876579805,1.898036406492043,2.006412750556681,2.2354135516972833,2.3580054514851003,2.131877674166579,2.2983271515274155,2.5313185040926025,2.6233661819870404,2.6557209053725934,2.694874053692256,2.659951072974718,2.700506375209154,2.853027885532958,3.147511401640139,3.0925635684466344
Russian Federation,,,,,,,,,,,,,,,,,,,,,34.27409200177145,34.87939211665118,36.02177437036852,36.65220647452218,36.78861700722146,36.14017160272608,35.64415448861724,34.30206710273108,31.970140139037287,29.163128588154045,27.59156196961797,26.56390800809697,25.114098092165865,25.06741915197955,25.381151469511874,25.835903057974203,26.239820419171004,26.139279134698775,26.680454922881317,26.90292302797878,26.873337303775294,28.036021002787862,28.204589369320868,28.33141350664426,26.914607015647757,27.989055952520303,28.91036541520608,28.975604586826897,28.602906337354096,28.699797771011614,28.13155802544801,28.749965539632672,28.861281597212223,30.024762505585826,29.788795763086387
Turkmenistan,,,,,,,,,,,,,,,,,,,,,0.5151727227385569,0.6411847346711542,0.6378576557153645,0.6421769305996142,0.6598437681838574,0.5468081751090244,0.5615651246077064,0.536293800176991,0.4402519571769911,0.46963070440707955,0.38656556820353977,0.563071721,0.43116661,0.536883884,0.512481773,0.431351343,0.5444514061948051,0.4592331890322581,0.6340257604615386,0.627862019433121,0.6357602488987343,0.6424642288113208,0.6234188821250001,0.511398426795031,0.8337625157777778,0.8984351067402829,0.9971875757915862,1.0870644761663506,0.9656632932777834,1.0009062934723685,1.1981118189279647,1.186281528020519,1.1739033001738355,1.3141923245053921,1.447231221664015
USSR,24.84781168324721,26.422695438079153,27.773929206297936,28.805019284188273,30.072811206822255,31.634512141810976,33.18995887538753,34.88352350767149,36.674065747451415,38.69883929518339,40.61547515074225,42.19438242155372,44.08184893281129,45.98043531502763,47.239656929564575,48.291290035203176,49.31850173047518,50.5546609494802,51.61728953057554,53.55185684665286,,,,,,,,,,,,,,,,,,,,,,,,,,,,,,,,,,,
Uzbekistan,,,,,,,,,,,,,,,,,,,,,1.7340278466456718,1.7062738676690032,1.7404934470462334,1.8468622505594507,1.8755663351333194,1.8278539418041606,1.8509963706820907,1.7603722158975796,1.895039813225926,1.8614948677806613,1.8262516561947486,1.883876310219602,1.8646265400207105,1.8662926639804343,2.108597592058016,2.1423309865587465,2.1476874715394922,2.1972941756954074,2.041601479468675,2.066691775733956,2.0103959993489564,1.8708297674607837,1.9853166386369345,1.8676887940739795,1.8751185706608549,1.86181731416809,1.95110103449793,1.9034232439014749,1.9110591966403367,1.985773004155725,1.8901207411692635,1.7811088881297459,1.788174224773894,1.8288240375349598,1.7836543458481362
Other CIS,,,,,,,,,,,,,,,,,,,,,1.4014113904420105,1.3362815363508342,1.3754158859173886,1.5206590502393822,1.456096864198665,1.466680589476037,1.2225998157229823,1.0337572378429174,0.8220250017920285,0.68739002106682,0.6007415071168102,0.6469322255904866,0.6120810213982506,0.6090012135799894,0.5831452773128742,0.5629098758447306,0.5523220254881046,0.5519968968887702,0.580199293131052,0.6255178064962355,0.6508861581516575,0.6556172503737225,0.7031244026760312,0.6761816505196427,0.6542313328803319,0.6653577499733164,0.7115769571045465,0.7410573292558331,0.7053406010211636,0.7222849399765837,0.7183815435010543,0.7235580755027989,0.7510630161197136,0.8105234271253262,0.8334999545237328
Total CIS,24.84781168324721,26.422695438079153,27.773929206297936,28.805019284188273,30.072811206822255,31.634512141810976,33.18995887538753,34.88352350767149,36.674065747451415,38.69883929518339,40.61547515074225,42.19438242155372,44.08184893281129,45.98043531502763,47.239656929564575,48.291290035203176,49.31850173047518,50.5546609494802,51.61728953057554,53.55185684665286,43.10018976190102,44.077183280479716,45.351318954015824,46.37133574687603,46.40160756637912,45.60716120651528,44.84771639829867,42.94674090222449,39.68286541683131,36.187879758040815,34.03898207280208,32.93229893003062,31.064229730937065,31.00796757825082,31.393847961764724,31.70691679580562,32.347279940705796,32.267420185930085,33.04550433529957,33.616862252073524,33.69781732054902,34.89527521908572,35.353805075948706,35.36393826040931,33.90913137441479,35.26867717824202,36.703931373136875,37.035836843124116,36.4225990044445,36.729719988010366,36.17910603864116,36.710500999584625,37.00378047013933,38.784081145883455,38.65293726929705
Iran,0.35708347536502205,0.3887011546778348,0.4270428976565271,0.46893029133095415,0.5140755354454545,0.6052292839922555,0.6623756328889654,0.749891862141267,0.8967166382763561,1.0147881148026345,1.1814173336373912,1.3279468027529628,1.5050108891776972,1.4706397652448875,1.587081030968949,1.4677639206359796,1.4706360400933618,1.6595661055940896,1.9705695286418707,2.12945883739733,2.3240695853227096,2.1758373791103938,2.3333411944275118,2.46490799241485,2.697272535310165,3.0354338733572015,3.295126677484471,3.6159653810656476,3.3369824032225095,3.7478985036732784,3.970402739286363,4.293071126104318,4.439701987694058,4.5910902601857035,4.899740785423603,5.147928195209448,5.431368988560815,5.905170416187703,6.033976108185685,6.616011662499764,7.095322751071342,7.752608864162743,8.297873553827138,8.617721847464404,8.904834511205,8.933222243961465,9.335291124336916,9.4083187570742,9.849499838427894,10.278162703860271,10.216394690049345,10.790231395231771,11.301166059379236,11.826843271943549,12.338972706666897
Iraq,0.07327983208000369,0.08178692158583495,0.08267344074935155,0.08838610667295572,0.10369912887788339,0.131474461975208,0.14413622731932632,0.17083146582792982,0.1667307100048,0.16435486265585963,0.1807134336434526,0.23083661267025968,0.23800265789875086,0.22902272865874615,0.28738894588408714,0.3421295075167982,0.33993579947168345,0.3550791175583231,0.3928529185348849,0.43102687630501774,0.5094789997646129,0.5653064800981337,0.6788073945937244,0.7913692474072247,0.8868393219410946,0.8215179831207717,0.5521354703452656,0.8691017180871772,1.179181958707044,1.3501110041634086,1.3259503765620195,1.3755611928975127,1.6114100345957956,1.1307432869516127,0.8486711117100255,1.080556728493154,1.2156473487196617,1.1487586978400888,1.0631333082061631,1.1347509146017862,1.0878994372427506,1.1112593077914454,1.1784380388189042,1.2219591732415505,1.364113060889265,1.4535148266636053,1.5360930950251384,1.6333103682494086,1.758823871002307,1.682781420531559,1.6781185107559076,1.9399895424101883,1.9119498117472709,2.0041982891062147,2.2260587688602302
Israel,0.16729708429304077,0.17517052668173075,0.18286063313405754,0.19160803048573916,0.19975687060200653,0.20761358511971031,0.21603027301495553,0.225410183842161,0.23584867419342548,0.24092853488489346,0.24820720943917401,0.26204585705725303,0.27386204599359953,0.291894051293556,0.31942711000188495,0.340358537563726,0.346307024891004,0.36003682715665847,0.36289804481208443,0.36811679924806856,0.3578351136751871,0.37630443846548045,0.416588116420283,0.4459232907019286,0.4619525378835885,0.47896922791825897,0.4969352193274565,0.5414807452567265,0.5735556737152679,0.6278748189366397,0.7006441368298966,0.7375472809094616,0.7237258267339375,0.7736136457004509,0.8042073301029419,0.8413370641835111,0.8373266337166186,0.8493752244751658,0.8730480494503825,0.883646875395531,0.912317023814992,0.9114527855076396,0.9616778186251523,0.9768510191682955,0.9349022824955249,0.9904042983876707,1.0125178455074677,1.055802107217718,0.9791066843813837,0.9589737240397481,1.009176690268939,1.0223495550718167,1.0695001863049256,1.0704275519758608,1.100099074397558
Kuwait,0.29191427382288776,0.30580513496700956,0.31185096098677684,0.32849957517290507,0.3370382384546751,0.2747171547622082,0.274618491,0.305396797,0.30473984699999995,0.292631028,0.263014662,0.31030180199999996,0.31644641,0.346433003,0.42044827500000004,0.31718511800000004,0.40172134699999995,0.401801977,0.4434495000000001,0.47271145,0.46088743099999996,0.5228183320000002,0.48679152900000006,0.5526617660000003,0.601026738,0.285040734,0.16249752699999997,0.29632195899999997,0.39960966700000006,0.491100984,0.6132011310000001,0.607212043,0.6321668817804154,0.7680587114599409,0.7920639817804155,0.826657513292411,0.8395406929685623,0.8551149646351536,1.0052746895484403,1.1261915324247382,1.2468523256502941,1.1781436009824944,1.1445625292940536,1.2450207814038676,1.300569199262749,1.4102805990159895,1.4151100568896064,1.5722469414064546,1.6298426467116256,1.4947728247961618,1.6221042353679356,1.6850235973394472,1.5768992382963558,1.571178538446465,1.6361795329108986
Oman,0.019050981,0.019873001,0.020735214000000002,0.021682377,0.02258616,0.023621452999999997,0.05569741000000001,0.06363798,0.05535329,0.05086038000000001,0.04645691000000001,0.05348303,0.051523808000000004,0.059912555000000006,0.069023617,0.061410160000000005,0.064900791,0.08597501800000001,0.080460311,0.11697694100000003,0.12085567600000001,0.113254447,0.127566846,0.12380067600000003,0.14047150499999997,0.17591037000000007,0.233525688,0.22496723500000002,0.21541682899999998,0.2046259844745998,0.23723875471691774,0.24402072831585836,0.25096550764131725,0.25792966399191697,0.2969335938451859,0.41229668703069694,0.45534867426420034,0.495525618724485,0.5132879134685896,0.4767936186552802,0.573575164670976,0.626638349762599,0.6247612926284477,0.7336168366458111,0.7349790317765371,0.8635506343944404,0.9433889933502747,1.025585383261862,1.1460072765405924,1.1409080677195818,1.2052803604925568,1.2098076595773948,1.3428326092785285,1.4863924834829212,1.513942073915406
Qatar,0.005079899000000001,0.005114512000000001,0.007327358,0.023182431000000003,0.036427103999999995,0.041492474000000015,0.04133249000000001,0.045723369000000014,0.06487565700000002,0.056563846000000015,0.08440325200000004,0.05421650500000001,0.07553955100000001,0.07246245800000002,0.18131783800000006,0.20733643100000002,0.19456717700000004,0.23524621000000004,0.24651954600000003,0.2788134120000001,0.28355614800000006,0.31025969400000003,0.30936685,0.28500600600000003,0.30453521900000013,0.3106652850000001,0.3502405730000001,0.5388657540000001,0.572791335,0.5774653,0.5810301700000001,0.432032077798398,0.4610699871482027,0.4931967100163067,0.5508872401063302,0.4838682459784811,0.471578734408861,0.5327054953320002,0.5987660417183008,0.7018917769550592,0.8078022838539652,0.8510484409909647,0.9306605901289005,1.029193174830565,1.0398290241012287,1.209662638864513,1.3988489480857842,1.5877638207332618,1.7077020433558296,1.8346667608750433,2.0462566742887827,1.9943103465700285,1.9213873213764714,1.9899482207526933,2.0218124488714855
Saudi Arabia,0.8465023779999999,0.85795774,0.870353602,0.8838649709999999,0.8987859690000001,0.9462796289104047,0.9477788342851318,1.015808642242872,1.0836012723850843,1.1496735707598114,0.9117390709034694,1.0540594980648632,1.2447450269106421,1.38720862811823,1.6806358324442967,1.5117887935623722,1.8045423252758392,1.9878413494446225,2.152825342632254,2.575163015252833,2.627086697987079,2.8248173543040926,2.9943020212060083,3.133033476022084,3.083607982604367,3.34205835618329,3.500873116672073,3.5343677332758756,3.6103061879759695,4.174489582725805,4.068021105598919,4.20688035148487,4.285081134800402,4.509277151947915,4.591641507919435,4.805656632488404,5.12048677964767,5.333067760812904,5.649177707523967,6.128901614340658,6.532235257181606,6.781884486765511,7.076901550682016,7.717204036014728,8.133685323834946,8.916394460612834,9.204210629095195,9.75761604333029,9.79773224680525,10.502133279857684,10.832959070769475,10.975626509128078,11.004717384831965,10.904864530675944,11.019656738993655
United Arab Emirates,0.003076319325485639,0.003283348197505093,0.019464321433351982,0.02500096701414822,0.025088130540443853,0.03458012840433942,0.05269691000000001,0.056340540000000015,0.0730552,0.08026384000000002,0.08589315000000002,0.10868485,0.1786734,0.20631964,0.2425341,0.38980522100000004,0.455552746,0.492733183,0.47407525100000014,0.5907552540000001,0.7323517900000001,0.887068956,0.9901916810000001,1.093730439,1.231627587,1.249265418,1.522731834,1.4719018789999998,1.532129947,1.6811066430000001,1.754217302,1.8081209120000001,1.8876932299999998,1.9321713230000002,1.9478490560000001,1.9399363680000001,1.9613561597159996,2.1433813117760003,2.2854793145600008,2.443905498412,2.549654468504,2.6823589549520004,2.958632664892,3.3906020148480005,3.3475706508400003,3.507737125832,3.699572818798225,3.88509635905,4.093809056279966,4.073303251661942,4.482038242023115,4.654994325838054,4.708549333035169,4.7887405862030885,4.793001356280336
Other Middle East,0.25207388101714717,0.262693153145268,0.2740992129766468,0.2929642854233739,0.30679253095718495,0.31073696366769255,0.33286800352685003,0.33405663782506756,0.3699157373827493,0.4122210366800157,0.4534872082903684,0.5081870233517103,0.5615588272790879,0.5968849837750803,0.6852626874211202,0.6584403631685583,0.6917150345181104,0.812458427301877,0.86747299618853,0.9356628434469249,0.9830287719509694,0.9982804544640322,1.0501266077650981,1.081814118459934,1.1030433693812496,1.16118006156601,1.228035880705762,1.2779097029603819,1.3201854257853827,1.3634767266749666,1.4632994655025202,1.4815451895934182,1.616257490614559,1.7151136872229795,1.7278848135482818,1.7537926665673715,1.801639875186089,1.8695459678639297,1.9501266862266624,2.0100224033621763,2.19477928549792,2.2768141141861507,2.3631061949859227,2.4466367704728733,2.4531501701417633,2.4465748446318307,2.3119756306923596,2.1874881844782754,2.091648932921338,2.0695778062704546,1.928220001609403,1.9149544078599816,1.9461231522111206,1.8958827375128995,2.008301074877122
Total Middle East,2.015358123903587,2.100385492255183,2.196407640936712,2.3241190351000762,2.4442496678776484,2.5757451338318185,2.72753427203523,2.9670974778792973,3.2508370262424156,3.4622852137832147,3.455332229913856,3.909761980897049,4.4453626162597795,4.6607778130905,5.473119436720339,5.296218052447433,5.769878285249999,6.3907382150555705,6.991123438809624,7.8986854286501735,8.399150213700556,8.773947535442133,9.387082240412626,9.972247012006019,10.510376796120463,10.860041309145533,11.342101986535031,12.370882107645809,12.740159427406173,14.218149547648698,14.714005181496638,15.185990902103839,15.908072081008688,16.171194440476825,16.459879420436216,17.292030101243476,18.134293887188473,19.132645457647428,19.972269818888194,21.522115896646987,23.00043799748785,24.17220890510155,25.536614233882535,27.378805654090094,28.21363325454701,29.731341672364344,30.857009141780967,32.113227964801474,33.054172596426184,34.03527983961245,35.02054847562547,36.18728733902675,36.78312509646105,37.53847621009963,38.658023775773586
Algeria,0.089139467,0.10716806300000001,0.10142614800000002,0.10887872500000002,0.120508183,0.13195784500000002,0.142825345,0.16041290100000005,0.19121728100000002,0.21175151900000003,0.253119235,0.29531663300000005,0.324591825,0.407940009,0.5345570180000001,0.6375487999999999,0.7744341220000002,0.8928945839999999,0.9753283759999999,0.936414691,0.9438509070000001,0.998804695,1.0262832300000002,1.0994005150000001,1.069299968,1.1338183290000001,1.1233532699999997,1.152688404,1.0725542000000003,1.086808885,1.1271968780000001,1.115641943,1.072246726,1.1099176570000002,1.121032061,1.0797694820000001,1.1188824514805193,1.1589856021612905,1.2127519464615386,1.259042278955414,1.318230599791899,1.3650570574924528,1.4385637206179427,1.5246314319049876,1.615685244,1.574558923030675,1.6717503644146343,1.827122210909091,1.932777049879518,2.107498825592814,2.2222335195142846,2.2181561078195267,2.2399343119000004,2.413969478505263,2.5325716492719375
Egypt,0.3289123540000001,0.3460883320000001,0.2960365160000001,0.31888730800000004,0.26157595400000005,0.32612871600000004,0.33510928108399995,0.3721138088560001,0.35153733061600007,0.399887082124,0.443055270232,0.5293009946000001,0.5737903116960001,0.60686700692,0.663695573548,0.7569452166399999,0.8613540248480002,0.9616262064280001,1.04349869824,1.1353916266000001,1.17795606146,1.2062959748800002,1.2635576279800003,1.301828221868,1.375204386664,1.4208689988759997,1.439255348948,1.437374251008,1.452592237648,1.480654361252,1.5688901818120005,1.6531729806000002,1.7222071819320002,1.793296837076,1.920053288676,2.0347677908799997,2.1424722083135586,2.1749027693645164,2.3055589027492305,2.411394458385477,2.530720729424049,2.6554555545516823,2.811574218681381,2.993461852681048,3.1113373712660812,3.269206679509685,3.3173867720966768,3.486548908032771,3.4633323093128516,3.458371606545368,3.5348673617073296,3.715891436675015,3.8198187236336283,3.8857655184297037,3.828432418282414
Morocco,0.06305544356017016,0.08340515927811343,0.08800037097868446,0.09444428995903913,0.10344843678444444,0.10838050066719809,0.11522724018351997,0.12457435344012484,0.13875328545590213,0.14828774687967194,0.1509409711669059,0.1636574954731929,0.18340522257956843,0.19470053185979116,0.21714949045910809,0.2178144267419842,0.2115602874796059,0.2183290984347547,0.22422579543809668,0.2272980177847189,0.23477643177600002,0.242711693624,0.24990195003600002,0.26394875430799997,0.290302983512,0.297133643908,0.30090274546800005,0.33698359833600006,0.34087141419200007,0.37549399918,0.368432409604,0.38434624932000006,0.399529779984,0.4100156571359999,0.42603900971600006,0.4217236227920001,0.4541303591415065,0.46564610523870975,0.46648427646486496,0.5316263896384078,0.5771848172498734,0.5892049146530189,0.582702623142,0.6433039478393788,0.6256363250572666,0.6913829066588635,0.7268053882493861,0.7393313596730117,0.7539983457734849,0.7588831439653172,0.7667583020610707,0.7674273453576332,0.80495177774365,0.8211304966251438,0.8930338590298511
South Africa,1.2751987610000002,1.2831209609999996,1.336140694,1.410133083,1.4519196230000002,1.517304268,1.6344228336641546,1.6879674558928053,1.815941854495173,1.8680102216838468,1.9915450045518075,2.078156444091352,2.129082188633742,2.108394975009147,2.177614651414197,2.324471199116602,2.705867867194717,2.9107202788002633,2.949647484214171,3.2226724859833555,3.2908565354243615,3.3511838323971945,3.404853922915138,3.747982171823043,3.580431074283868,3.704339405118966,3.676849394666819,3.69485490285307,3.689274440545744,3.8467340799712284,4.020287431892658,4.099072719408229,4.1902065293007285,4.1154828788491145,4.255987991747508,4.2582849281314665,4.281161214224302,4.168989246163143,4.518602408815529,4.931614810750404,4.671269786081367,4.765251072399484,4.892743930709626,5.245786429439183,5.231239906003946,5.284142225818183,5.209797723573285,5.1308528718305215,5.147351667595477,5.195181838755881,4.987708202626325,5.224422635512897,5.1540664950789035,5.182568290956419,5.284958300798905
Eastern Africa,0.3717699006074678,0.40799565684063493,0.420155489210845,0.43768063916959565,0.45809157153003544,0.5175972558590017,0.5537189491887822,0.5806071774914254,0.6124640531020602,0.6346608613936114,0.6196213255193131,0.6644671539092212,0.6729808220921947,0.6551656979131771,0.6759506247733208,0.6766234485248612,0.666523940134087,0.6567166269240517,0.6608264938212289,0.6562456883666055,0.6790519041940976,0.7105435868014603,0.7129842076419842,0.7726188641983084,0.7828207552912292,0.8807622346270046,0.8384196684042736,0.8228874318710545,0.8772989498016438,0.8840211375649965,0.8990524936409773,0.902520214730479,0.9383684695174971,0.9974358420886544,1.0190023265656352,1.0276963611151895,1.1059305308689598,1.134555526407703,1.1163471570120904,1.2051509337514534,1.2467205150170795,1.2899423017181881,1.3503156714527138,1.337963192484518,1.4074729727369457,1.5278439118790441,1.6025615378444198,1.6137327650590776,1.769759458377988,1.9278613289467046,1.984042173675847,1.9704482467111004,2.0834945255935793,2.179679842903174,2.2061850527819913
Middle Africa,0.1333122580374866,0.13737589987165688,0.13679262405306147,0.14193143850645026,0.14901045176623698,0.15628138376598458,0.17950318254676192,0.1862484237277902,0.20773898386113906,0.21504679483796604,0.20218437608503323,0.19983531681628522,0.21071405726087666,0.23439686743903476,0.2379433053412149,0.24760573092496715,0.26327608581980505,0.25472171286954925,0.2818470732615493,0.2672428963808981,0.2995845145337558,0.2979742999021765,0.30474330596011184,0.3201764623036259,0.3367182275687346,0.31153697246049394,0.2927470806918516,0.30012080623818854,0.30011505319276394,0.2915275506017284,0.29970418617426964,0.3015092298815656,0.300551939989832,0.28957828290359455,0.30239320438812695,0.3301245919673007,0.3707727667050613,0.3919110820405359,0.42545253796989946,0.47687538712006067,0.47788734864177757,0.5195655338957328,0.5375156038598815,0.6083025712925101,0.6458281604214622,0.6994251966905495,0.7575068375567768,0.7778602905669006,0.8380909844265491,0.8873341555456571,0.8857255160071064,0.9087489331524058,0.8850665821346617,0.900523739832924,0.905107681933886
Western Africa,0.1863636180331994,0.20491839264198033,0.20812661063328797,0.21008973368312478,0.23572414146415627,0.2647142797812809,0.3408601409258567,0.3682339782509676,0.41332754125722765,0.4247468607260554,0.4577619199812822,0.557553558363521,0.6039284286694717,0.636563937670116,0.739465069783812,0.787920800552381,0.8231138070584292,0.8589325067972607,0.791606472662157,0.7277320562655657,0.7788349887937825,0.769206997232378,0.8040763837162996,0.8586522485889831,0.9042357954026335,0.8778579030081058,0.9363342972473891,1.0132891116650373,1.0190554129933473,1.0045523717419191,1.0327243498957972,1.1179882008177513,1.11284029116652,1.1358886800991725,1.1390785648187598,1.2169500226539547,1.319396277325068,1.4402785584894702,1.4261166453911007,1.474006631798579,1.5211981773222467,1.3920284334790687,1.4875106483239875,1.6000864515995492,1.502541736013079,1.5725298008747477,1.722921293626704,1.8000412034091753,1.8106268820488345,1.8694629591075058,2.1487434810690274,2.1939899294575738,2.378532483202873,2.5087922196303625,2.5839333757189724
Other Northern Africa,0.06141691882327256,0.06757782625714513,0.07233966974510272,0.082423166217243,0.09158210735456966,0.10902841919348814,0.10036921143278402,0.1276104054554659,0.1751314771562055,0.19199758099181155,0.21524573769783292,0.2527998188551342,0.28623349540815596,0.318835199943384,0.4156336576171259,0.4323107733316095,0.4619016211940915,0.4739700418505092,0.49911832585050914,0.49508685254599016,0.5573336572503826,0.5707319854919283,0.6320471295049171,0.6423433342892788,0.6920858099578215,0.6765864122804309,0.6711130967566215,0.6724187133913911,0.7137611934930632,0.7766287014930633,0.8189776433782936,0.8393723921985743,0.874645278378294,0.9106696773782937,0.9006929500999424,0.9694253573737147,0.9905481103788678,0.9812804608078581,1.0141264997954516,1.0947140722680655,1.1238397638047901,1.1270978865530832,1.0948042759332526,1.1483068707463104,1.2215481227687834,1.2520927535777486,0.9026738904993791,1.0761864717732577,1.1616464480957824,1.1415593872891208,1.00005574334719,0.9661030818666922,0.9696964224500735,1.0040623363157966,1.0338379227347396
Other Southern Africa,0.002072599151518633,0.0032549846481297277,0.0037012915335817723,0.004260359431914343,0.004763617649477868,0.005773504358229924,0.00614667316944397,0.006353397071194642,0.00699635041714665,0.0069793408167450706,0.007820532947948908,0.012241758384846695,0.014293517509188723,0.02822612026953588,0.02923879756323302,0.02992342740583146,0.03629931868309851,0.03656850806309851,0.034378030012603776,0.03564290814085116,0.04006548128242894,0.042534237098670366,0.043520447146388704,0.0470769170856487,0.05094388994638871,0.07629764840774024,0.09186592362305619,0.09869343133493548,0.09806333598552716,0.1001721631514421,0.10837469439940184,0.10202583652211426,0.10630113399372561,0.11833441166648521,0.12719027197964472,0.13047629471341463,0.13258984329807327,0.1323434164916157,0.13245588741769898,0.13302667838418447,0.14334346418146915,0.14138130414355005,0.1467218538684303,0.15226762881235317,0.1584718562755499,0.14379139995992313,0.15395368063760836,0.17114436453688014,0.1790745410268268,0.19389428052140092,0.19848803578329607,0.19893390412248657,0.2118638407301209,0.2060394306733468,0.19752641023856873
Total Africa,2.511241320213115,2.640905275537659,2.6627194141545636,2.808728742967367,2.876624086548919,3.137166172625183,3.4081828571953023,3.614121901185775,3.913108157360855,4.10136800845371,4.341294373182124,4.753329173493554,4.999019868849197,5.191090346024186,5.691248188500009,6.111163823238237,6.8043310744118335,7.264479564167486,7.460476749500314,7.703727223067983,8.00231048171481,8.189987302427806,8.441968204900842,9.054027489464884,9.08204289062668,9.379201547686742,9.370840825806015,9.529310650697676,9.56358623785209,9.846593249956376,10.2436402687974,10.515649766478713,10.7168973302626,10.880619924197317,11.211469668991619,11.46921845162704,11.915883761735918,12.048892767164844,12.617896262077407,13.517451641052045,13.610395201514553,13.84498405888626,14.342452546589215,15.254110376799835,15.51976169454311,16.01497379799942,16.065357488498872,16.622820445790687,17.05665768653731,17.54004752626977,17.72862233579148,18.16412162067534,18.54742516246748,19.102531353872145,19.46558667079126
Australia,1.456326612,1.597963095,1.694895314,1.797727432,1.871909856,2.042804696632001,2.1452609066996,2.2432705703104,2.3978707067444005,2.54896295472,2.5908161801131997,2.6820239176094,2.815818604576,2.8859953225776698,2.9998684497315855,3.0204794899630647,3.0453992142706268,3.042400839187096,3.049671185946311,3.182929711497491,3.2071967559199113,3.3158125873865796,3.40443553663603,3.5604101842841347,3.7317675008984654,3.7981680719360726,3.774216423942282,3.812991419939675,3.9217950828678223,4.078201716431034,4.185228022191461,4.289744826696909,4.397797893368831,4.4996154520635905,4.696141040606334,4.717917625207463,4.760815586246832,4.824630233993054,4.891840861033188,5.0432732759039665,5.00843718637249,5.302386554523156,5.351524925541455,5.422892193600619,5.359998129892943,5.349704347588861,5.52017696423336,5.439158733718455,5.456010777979733,5.524276622112734,5.585645527680041,5.61843042976773,5.588233149275064,5.65032789002566,5.98789825238856
Bangladesh,,,,,,,0.029287050000000002,0.05719771875200001,0.070641178072,0.072998559412,0.082865656336,0.095066229204,0.097596954468,0.10517824333600002,0.11650037461999999,0.13130494892,0.132219676506375,0.145971428728625,0.14425759490440002,0.15581437079672503,0.173309998165975,0.18884135010365,0.2084108197353,0.23203945681575,0.25001774080632505,0.265312729071075,0.25597594835410004,0.2792444423432,0.30717645888445,0.32593781648740006,0.38535105176745,0.40345209797127507,0.42394305794997506,0.45145498873405,0.4566099049427001,0.48955176226037506,0.5594694759149196,0.5773630901430347,0.6119438208058365,0.6329816317259475,0.6826289129633127,0.7395932087252398,0.7569507696148586,0.8007863847143553,0.8802277715101623,0.9009889091126465,0.978981123632245,1.047815059454922,1.079352599943267,1.1248894705875052,1.3230059482050118,1.340978847247516,1.3899580697964946,1.4792504319095654,1.7543195755656942
China,5.516043195424779,5.995001420026549,5.391340978327435,5.445350202176991,6.627664195247788,8.486606443362833,10.061688834044249,10.846552900469028,11.449055799327438,11.805455074380532,13.221453633690263,13.920863399991152,15.18078430938938,16.647430175592923,17.147246224548674,17.482637774624102,17.247544695922837,18.009721019605472,19.166483587064278,20.564972804995122,22.242502558623837,23.311135627948666,25.139286873539124,27.002853132863848,28.334376865762,28.70040722875391,30.152060012814015,31.7503342851822,34.18648364520823,36.28378039572608,37.3710669379428,39.33931631222623,39.555402089810755,39.61041698038526,40.99828869609369,42.42167242865318,44.8089587451295,48.80913595170496,56.83412035044911,66.48788569727128,75.5004846185357,82.73744456645125,89.89109921880772,93.11882127906127,96.99858447554271,103.51538573949459,111.49120907155563,115.68895670317376,119.57874780183847,121.95952754326723,122.75333897318191,123.51106922097227,126.21684235250963,129.9655911101036,135.07165595221767
China Hong Kong SAR,0.09468724292118,0.10269295915960003,0.121294094191983,0.131141121814914,0.15407978321439397,0.165534032244954,0.174814767,0.198554721,0.20592748299999997,0.21080708299999998,0.19845753600000005,0.23432750600000002,0.253021682,0.26286067300000004,0.269146653,0.275024968,0.293073079,0.32166107600000005,0.34107476400000003,0.349425983,0.36276569200000003,0.38012729900000003,0.41767020099999996,0.481136694,0.5142940480000001,0.501687875,0.5198018930000001,0.6117441050000001,0.6678082980000002,0.6051344230000001,0.6504503041,0.6501276781,0.6576951986999999,0.6704415583000001,0.6790383162000001,0.7109111496899999,0.89791281039,0.87635710009,0.9050595929099999,1.0134969663000002,0.9723257165100002,1.0287017968218064,1.0944432557622699,1.018263669247496,1.111878969938094,1.155614891008372,1.1839665033187972,1.1386618166952687,1.1691657391609358,1.14241185857289,1.174463814514957,1.2054273445253,1.2928910550021813,1.3010183864486997,1.240095088431968
India,2.217659391055631,2.285376552564678,2.3559105260695383,2.517670031368624,2.7908979433686243,2.7295491466719213,2.8380433381092396,2.987987055334456,3.049282999334456,3.2325473950938406,3.473186891128009,3.6426905841203086,3.852342996887393,3.9987736496203086,4.223199995112608,4.350661092146776,4.8187759757184,4.777145138000001,5.026523483331776,5.367804272124499,5.668948496875629,6.069131145597109,6.457539939872996,7.027743100061921,7.67454044301933,8.235680734756881,8.683745993686962,9.132591879449055,9.358920265798107,9.854906690342933,10.592184827389985,11.016613597792032,11.626985270602729,12.324891153677255,12.649701853990546,13.30777032981051,13.36837407647028,13.985614535003688,14.514508742470854,15.544880298819242,16.464044138918137,17.264663942755707,18.74414680071014,19.776691110833404,21.259225893947562,22.236433969960537,23.486454483632464,24.652420221023537,25.558852864855563,27.28180382240138,28.173504279753054,29.33783955024203,30.437702662914006,32.198029465030096,32.85200904270937
Indonesia,0.30308013399999995,0.300494796,0.296710826,0.31620689300000004,0.357008839,0.38234089400000004,0.36595772,0.388245866,0.437741847,0.46906368300000006,0.5745613840000001,0.603997182,0.798368469,0.884758727,1.0098195920000002,1.080048536,1.1734714240000004,1.196322802,1.2685675889999999,1.3740226950000003,1.460723443,1.6195043349999998,1.7122552690000001,1.8070819409999999,1.9991981690000005,2.1909572072747303,2.3782622744886823,2.611049636366936,2.7593873857723072,2.945575665836883,3.1329213834379064,3.341796518940587,3.627147793868564,3.557211014335717,3.8786536706404284,4.212526416510047,4.450382331647293,4.6491643722641,5.010085091834512,4.981685630570131,5.1073294744244295,5.182207370314541,5.56153729243592,5.477010012721857,5.662954861242307,6.225670353850087,6.798320072027184,7.157789054922719,7.448060402169968,6.937709949063678,6.978980857584851,7.1011879843699655,7.369905704233843,7.971666895066813,8.520039824753624
Japan,6.515746901600001,7.198596669160001,8.253766616639998,9.20331683176,10.48879508582865,11.72485450253914,12.482807135521838,13.078295138685506,14.528405047504178,14.585050069354674,13.928884303151676,14.438035049399028,14.545155449929045,15.14724878652627,15.73979709517292,15.269861099633307,15.056604819242192,14.373505520410358,14.553761600322257,15.79736458849259,15.89662928561515,15.90532666813246,16.220065961573045,17.253453265765962,17.84088360297343,18.49334182640622,18.948938682351177,19.18341988678056,19.457623565917444,20.19344239816099,20.983150338493754,21.37512597023412,21.75948037449297,21.280405903134422,21.654339016177985,21.898252659591698,21.682354039300513,21.605985681249358,21.50531471313418,21.755206853351364,22.10294822769799,22.033818395377015,21.795200194170867,21.49727309061928,19.579686944660832,20.84269337362657,19.762932508113813,19.59566228045427,19.355953868941704,18.748895380197162,18.32982926003457,18.01286824633048,18.133670613795818,17.954540225374263,17.57417229363161
Malaysia,0.10412387395190001,0.1215001711183,0.12282456339160001,0.1251975381382,0.13113699805,0.14579361653201398,0.16061205431389616,0.18167976264723318,0.19532822487979135,0.1982208832727415,0.20585875027275086,0.2286974367392205,0.2541157874538683,0.3486487689170256,0.4262620348833034,0.4586624052270771,0.4704173729919871,0.5070809214902775,0.5826073185648997,0.6263817054865712,0.6262863373399891,0.7021544600246654,0.7241581555330046,0.7686351364505781,0.8583204731053691,0.9265330744358833,1.1219506085040067,1.2128550170930232,1.2648971176744186,1.3807577829767443,1.439226039744186,1.6067014383720932,1.8694677932790702,1.7380488491627906,1.9677606209302325,2.1895045367906985,2.204778945686801,2.3600740589272315,2.5669515253345265,2.735110434521677,2.918222169457943,3.031999640868802,3.232294349709303,3.3467863447834763,3.238165678501292,3.3387326705704097,3.4538491677099645,3.7091925964970605,3.881558754431319,3.9189210329730706,3.9704976227293365,4.1822924401002615,4.247016312034773,4.179939218612474,4.230799059447073
New Zealand,0.28655090000000005,0.30512366,0.310004224,0.31568681699999995,0.321215073,0.359732899,0.3767682,0.40297039200000007,0.42027718799999997,0.41844828670821926,0.42433587994571736,0.43980129371790744,0.44980909445268,0.44367611052628714,0.4499926370356246,0.450294327111719,0.4509435336417348,0.46693586094196476,0.48577343033028564,0.5118631762235877,0.5195415868310228,0.5636167051490255,0.5751209808999066,0.5987403344986091,0.5324783101135783,0.6296488261666515,0.6416399642839334,0.643054631799912,0.6624513356845322,0.7006992444109725,0.7293111298922857,0.7413419330135899,0.7414863228582877,0.7382492716439755,0.7434179466800771,0.7744676217731514,0.7702093561937066,0.7992057569869715,0.7757772519608417,0.7986861615653201,0.7656947945544275,0.7703173249568086,0.7642328505707819,0.7592849974613289,0.7469403836827472,0.7544445696368501,0.7524247910062264,0.7558081850304647,0.7574331948350733,0.7882845813997518,0.7905426458332954,0.7964536355794697,0.8106145146533468,0.8038612682150557,0.8199962392937532
Pakistan,0.29459098300000003,0.296809523,0.328511056,0.372853069,0.37454457,0.368740862,0.35812035100000006,0.31572771800000005,0.336799299,0.360269806,0.388315704,0.394135312,0.42623944299999994,0.455736419,0.49687903299999997,0.551344289,0.592941205,0.653786021,0.6982869449999999,0.739163788,0.776903442,0.8243154020000002,0.92316215,0.980903332,1.0408019649999998,1.088679499,1.153436628,1.2111165360000002,1.340490897,1.3877601470000003,1.463658915,1.558666831,1.510386362,1.6182179300000001,1.691508293,1.7193346120000004,1.7603481627662336,1.826347016180645,1.9865158612621754,2.212466714330556,2.306547989970591,2.4332946560901565,2.5876336806548093,2.6036040661537507,2.6372223789869547,2.6479731120756194,2.645374667331684,2.46825698027236,2.876982238577432,2.7640698305134843,2.9069782664896224,3.1611860333582964,3.3345522687300484,3.431422009964848,3.4991456584635134
Philippines,0.196228666836,0.21210327179200003,0.23824898761599997,0.2691612554816,0.2883310755696,0.32806684356960003,0.37558216996079996,0.371699593352,0.433903128352,0.40435293109279996,0.4376675245328,0.45463107470879993,0.4905825613368,0.511535158508,0.5267685655912002,0.50348032764,0.482070466576,0.467341125104,0.4977981328928003,0.4439386220896,0.4206654708584,0.43173643358800007,0.4802890976439999,0.5312190417432,0.5742890268616,0.5969601183696001,0.5779880770512,0.6805910395720001,0.7061109805328001,0.7468636676516025,0.8410527304372661,0.904962450937001,0.9720109606415634,0.9713400258178155,0.9742774364339336,0.9613358518353323,0.9579907992598459,0.9537039626859889,0.9960237159005294,1.0285078317813232,1.0278718775350053,0.9887418783424253,1.034532307705689,1.0668460421122288,1.077171486892567,1.1176396955279793,1.1404619130778755,1.1748797350147915,1.2715868919678948,1.3352064398654737,1.4582410523557232,1.5891535887316652,1.7597038115242327,1.8098689660581584,1.873900033039674
Singapore,0.17239682189549915,0.1970774090133709,0.23672166531643882,0.2942443369250338,0.2891466592358571,0.31393934196249146,0.27251234996000007,0.34123531066,0.321575837856,0.317010669156,0.30954946856800003,0.36717078542400006,0.36854867585600004,0.379345110612,0.404399942032,0.4016561609040001,0.462095297612,0.4496171407080001,0.47632167141600007,0.500769127132,0.51081713346,0.5921449634919999,0.622675313112,0.72056976634,0.821758385144,0.9821961438639999,0.9991182896559999,1.0720993549599998,1.17154745532,1.3402851717759996,1.3973716576,1.410102167512,1.4832668140000003,1.5038178830000002,1.488758788,1.59203644646724,1.8056791072207798,1.7737961072299997,1.6754771065080003,1.8762451103200002,1.9717629382865,2.1701543102764997,2.3302629787924998,2.4791460474132054,2.6665456268231886,2.8655765124351418,2.979435225239648,2.9918111875999998,3.057119771921,3.1449145801455103,3.3438415475745904,3.4702512513606907,3.5804280318074553,3.5972598774100453,3.541186392792008
South Korea,0.268883111,0.3261303290000001,0.374809357,0.42967107399999993,0.518671962,0.60208933,0.6514330730000001,0.6753877460000001,0.8355856319999999,0.868421314,0.9550639430000001,1.068516116,1.2290231600000001,1.3760734640000003,1.5859868200000002,1.6325281759999999,1.7089216886000003,1.7100584598,1.8579537118000002,2.029138745,2.2413543817999995,2.5135970096000007,2.7843417440000002,3.110226569,3.3798999399999996,3.8233258041999996,4.325844158000001,4.8808018068,5.3526267928000015,5.774551316600001,6.305892021800001,6.963438688400003,7.6527102986000015,7.064170235400001,7.693961426600002,8.1606240896,8.346107404404092,8.731234960006454,9.012423414695,9.17641692001408,9.468123292260346,9.618486370203408,9.917645666496218,10.095107852869155,10.125376582264648,10.891789674393367,11.386130357579422,11.48704619634585,11.481696165917915,11.550690847546852,11.75164376142047,12.016123555955563,12.18371556376933,12.307174335909583,12.08140394676391
Sri Lanka,0.023393791918541768,0.024210188770268017,0.024809831989733636,0.025945259284776024,0.027186495478080247,0.05078940876,0.04776673343,0.05163536043,0.051936039170000003,0.045607065720000006,0.0452442336,0.04532668656800001,0.04855011006,0.056005412934400006,0.058139094708,0.058699623867600005,0.06747439182680001,0.0747736475984,0.07632848089600001,0.07579438857799999,0.07391642222599999,0.07597892575,0.078142579138,0.08056363838999998,0.07991339503800002,0.08687423227999999,0.089717413576,0.09787711844600001,0.10490775008240003,0.11504661435200002,0.1254805029456,0.1305461755572,0.14077013260000001,0.15267599639039997,0.1656590004092,0.17878651126720002,0.1751976643076273,0.1790743021211419,0.1860797247829269,0.1798438903649618,0.20653146968387467,0.2245096182532679,0.2286169755878437,0.21349482693837887,0.22017570729936667,0.2353516192983625,0.246915719837139,0.24839321982378365,0.251670599353839,0.22572954399567124,0.28681299173959995,0.3054117489214054,0.32098744079768804,0.3419183225081328,0.3512559191918929
Taiwan,0.25161923399999997,0.269637079,0.294464239,0.337734819,0.354152286,0.38579297234515,0.4848018971202001,0.51774774609195,0.6056109523533999,0.579024971372,0.6378392825122,0.77802165292,0.85419764732,1.00842045856,1.07018469496,1.1291593872,1.0554272346800002,1.0600472216119603,1.1971687223250402,1.2681442111517598,1.4811911269664442,1.6072189359975924,1.7268823744552406,1.8942969776156042,2.0094082406239795,2.134168458234375,2.253685818949315,2.3760977340809766,2.5187822487778004,2.665335287589129,2.8217774629833112,2.9433508968938464,3.1334700628539385,3.310716512798198,3.6553478800822674,3.7262320693037285,3.840729713523082,3.9969995900449873,4.185489885842281,4.391506940837651,4.4373715605002335,4.528701201180613,4.717106403212786,4.4629077327957685,4.391912527032638,4.6344938237486035,4.578954118019363,4.581937661144002,4.676665408838491,4.785334630318353,4.7292292547187,4.807864359337756,4.819042966182982,4.873474456702637,4.739126510345957
Thailand,0.11000091900000002,0.131050694,0.149159635,0.191591653,0.20263299699999998,0.24103187600000003,0.26693996600000003,0.324421661136,0.34398320059599996,0.3575683579,0.39422934221200007,0.41627709746,0.4584152870560001,0.49939771966,0.526231317704,0.527222630824,0.5336782406599999,0.546331387604,0.6040874547920001,0.6647617414479999,0.696575910368,0.7426812303802051,0.8520926042248228,0.9544299835277628,1.0972209130642616,1.2982166380405566,1.4336373352674225,1.582519596108933,1.8020115270450552,2.0201365502970714,2.2139166460995243,2.502663595890588,2.637268472343481,2.4424176811695517,2.609468520355386,2.6681844466881484,2.81199811914281,3.0908403704352394,3.343174645843233,3.5716239535328267,3.6938291887615806,3.7483932012691596,3.911344732764677,3.946049911995227,4.07655281436751,4.3260393630638845,4.489290711480483,4.783739818874938,4.832935539571191,4.941545951068836,5.084840619099438,5.175531485702352,5.237910692720345,5.355086465783972,5.323283355625455
Vietnam,0.1058185161991876,0.18508304453486069,0.2551096070528975,0.26452822201874737,0.31245626633370066,0.3259294021907408,0.29057302873488294,0.28173176659648913,0.2973663122714585,0.22109365566515496,0.2457398355526687,0.14208037866350903,0.15198314643433936,0.1575424788203566,0.16969567715075157,0.1939793695591214,0.19441571140266717,0.20769033169211995,0.21737786223238803,0.2190641580617654,0.21777335153298044,0.2385718361619297,0.2688854013671377,0.26858958065784133,0.254137685585441,0.2730380885871853,0.2772449532416959,0.30268442400000006,0.345587432,0.385893808,0.4479180511249635,0.5139788072229653,0.5941523397906423,0.6427434223554784,0.6629718297361219,0.7547476841107725,0.8523394061302595,0.9334929950262808,1.0076321704740259,1.2327268106039115,1.3044359897716378,1.1920412702156111,1.3019690115530635,1.617453153456337,1.6460148489087107,1.8719193794792257,2.1306322784473575,2.2362274850633383,2.3856330231752265,2.610932024858204,2.893262811674375,3.1078751090639356,3.314261056507954,3.716664104070917,4.076814979179951
Other Asia Pacific,0.6857676299581633,0.7273480989758041,0.7901755389010259,0.8511813229036297,0.9039492007368226,0.9637324163976208,1.0563997463381625,1.095764206271478,1.1343712547330067,1.212218757343592,1.244515027546696,1.3079650385860955,1.385459405658864,1.4625110427477346,1.576614227275695,1.6908343026583021,1.7470608443784739,1.8174507157066009,1.8890625178044889,1.9228764583049065,2.0515740643399085,2.074904533084148,2.016030291280719,2.04751567576602,2.022424254241639,1.9781082087258242,1.9254380574396328,1.7511453592732105,1.679594901830764,1.6143966634058278,1.598406076965131,1.4931353525233158,1.4779977592230247,1.4168608891721914,1.4967642876707494,1.5896572876180526,1.636775846378958,1.623225560979656,1.7105348380958791,1.7305712947391327,1.8151983777977765,1.8795490796887113,1.8393278828400033,1.921339691198219,1.7544298438676897,1.939883072498681,1.9282399667327366,2.0171236961072,1.9884308979313041,2.155198760121538,2.244844875107718,2.4320971613103137,2.4961135751503827,3.1286966787384882,3.2086981552217106
Total Asia Pacific,18.602917924760877,20.27619896111543,21.238757060496653,22.889207878872515,26.013779286063514,29.61732868420846,32.43936932123287,34.36010523373654,37.11566213019413,37.907121517191555,39.35858457616198,41.25962674111143,43.660012784878376,46.63113772193897,48.79673242852637,49.20787890927906,49.5325348720301,49.82784065718887,52.13310605262293,55.79423054738262,58.62867545792326,61.15679944839603,64.6114452930113,69.32040781078122,73.01573095923742,76.00330476510297,79.51270253260644,83.19221827319566,87.60820314119616,92.41870536004467,96.68436409991564,101.18506533928375,104.26143899698383,103.99369574754071,108.16266852854966,112.07351352917759,115.69042159011353,121.59624564507278,131.71895331333715,144.3931164165534,155.75378792400195,164.87500438631412,175.0598692969309,179.62375840797534,183.43306492536192,194.85033507736975,204.95374964297537,211.17488063121675,217.10785654141037,220.94034286900938,223.77950410969729,227.17204199287698,232.5335498414056,240.06579010793305,246.74580027906336
Total World,155.4767582410903,163.8641413293375,170.038972930918,180.3893555404244,192.58773367281958,204.7084127394523,213.03439448801547,224.58513580596963,237.51556896248363,238.7772268945832,240.06985028832335,253.02165770913598,262.28166073608395,271.4465108866022,280.8873741665897,278.8578249969085,277.5228412359525,275.7148097350792,280.09524235892115,293.4627949144691,301.2173341289365,307.7360455301944,318.44953754453394,330.61871791347147,336.9075327933781,340.6465923491113,342.97184065024516,345.471483287657,347.8170640157662,352.19374399601725,359.50748320012235,370.090709803807,373.471870637957,375.7019138780667,382.38951404323126,391.86014356558775,395.69795487744545,404.0847013308613,418.3670559022748,438.3611686084109,452.70497565296483,465.1170491737332,478.7241390042604,483.069346595175,474.5754948142991,496.3248006364125,507.19018093200975,512.3771820765013,520.5477043460015,523.2224400481177,525.09383139631,530.5442582845412,537.3850457805792,550.4028973702626,554.9225141703448
of which: OECD,109.57411347058176,115.01153269893105,119.55789001578522,127.54259658020898,136.08135909875347,143.55973737993693,147.4422991967932,154.99935524959102,163.64023659747107,161.36585869253253,158.13303866319106,166.64459221138017,170.4632836403626,174.3412981119442,179.17104999404594,174.54765189691696,170.63944871079505,165.37525800457863,165.792918268357,173.50381939696493,177.5835146107484,179.52229247991264,184.54957196348468,190.8230860299683,194.16442295404292,195.25448862160565,196.75911031394574,198.44937491408888,201.19936411233363,204.59662108849287,209.71726098855714,216.80458864962463,218.84026637154773,219.6040960040495,222.87861693619826,227.22940062486052,225.49327010258452,227.1620006032594,228.8878395053409,232.64582191548402,233.86827556704046,233.68429803395688,234.37544768574807,230.9236719441479,218.52531259246686,225.91570081117533,222.47727120552008,219.0292905094031,220.1395520774007,217.36954334674422,216.5679343538395,216.6823930091549,217.51511960650004,220.11675984809622,216.66306059697592
                 Non-OECD,45.90264477050861,48.85260863040652,50.48108291513274,52.846758960215375,56.50637457406601,61.148675359515366,65.5920952912223,69.5857805563785,73.87533236501257,77.41136820205065,81.93681162513236,86.3770654977558,91.81837709572125,97.10521277465804,101.71632417254372,104.31017309999167,106.88339252515745,110.33955173050056,114.30232409056411,119.95897551750404,123.63381951818802,128.21375305028184,133.8999655810492,139.79563188350318,142.7431098393353,145.39210372750568,146.21273033629947,147.02210837356807,146.61769990343268,147.59712290752458,149.7902222115652,153.2861211541823,154.63160426640925,156.09781787401738,159.5108971070329,164.63074294072703,170.204684774861,176.92270072760203,189.4792163969339,205.71534669292672,218.83670008592443,231.43275113977634,244.34869131851252,252.1456746510273,256.050182221832,270.40909982523726,284.7129097264896,293.3478915670979,300.40815226860127,305.8528967013735,308.52589704247055,313.8618652753862,319.8699261740787,330.2861375221665,338.25945357336894
                 European Union #,42.064094332270926,43.24283159063976,44.46632760479507,47.34308295366771,50.87515898390723,54.12597767534222,55.394061856020436,58.05075476137439,61.300808146233415,60.288352001774776,59.48698817058119,62.89398563620902,63.81799969459841,66.1252783854543,68.6195847844865,66.76612807961726,64.83543882660018,63.39235794524025,63.65956770414275,65.32196237495462,68.58030389341745,69.6796145391236,70.91934534575995,71.52824906368939,71.72420926373059,71.38231141271595,71.21006161780942,69.94142475921203,69.58658597472234,69.23290766136513,70.7136626392992,73.0718569170587,72.53295746828971,73.23658865806509,72.8602660546662,73.2971349513723,74.65925036248453,73.86300475094131,75.11898883330367,75.79176027893271,75.6732720563321,75.77718945310195,74.24843652923265,73.44784882315935,68.66295817719141,70.77594451982712,67.70837415739565,66.42830199497295,65.42636709463852,62.328984281686346,62.49485085324819,63.08551351974455,63.21783868567005,62.83721102226312,61.264977643641366
