country,1965.0_renewable_per,1966.0_renewable_per,1967.0_renewable_per,1968.0_renewable_per,1969.0_renewable_per,1970.0_renewable_per,1971.0_renewable_per,1972.0_renewable_per,1973.0_renewable_per,1974.0_renewable_per,1975.0_renewable_per,1976.0_renewable_per,1977.0_renewable_per,1978.0_renewable_per,1979.0_renewable_per,1980.0_renewable_per,1981.0_renewable_per,1982.0_renewable_per,1983.0_renewable_per,1984.0_renewable_per,1985.0_renewable_per,1986.0_renewable_per,1987.0_renewable_per,1988.0_renewable_per,1989.0_renewable_per,1990.0_renewable_per,1991.0_renewable_per,1992.0_renewable_per,1993.0_renewable_per,1994.0_renewable_per,1995.0_renewable_per,1996.0_renewable_per,1997.0_renewable_per,1998.0_renewable_per,1999.0_renewable_per,2000.0_renewable_per,2001.0_renewable_per,2002.0_renewable_per,2003.0_renewable_per,2004.0_renewable_per,2005.0_renewable_per,2006.0_renewable_per,2007.0_renewable_per,2008.0_renewable_per,2009.0_renewable_per,2010.0_renewable_per,2011.0_renewable_per,2012.0_renewable_per,2013.0_renewable_per,2014.0_renewable_per,2015.0_renewable_per,2016.0_renewable_per,2017.0_renewable_per,2018.0_renewable_per,2019.0_renewable_per
Canada,0.0,0.0,0.0,0.0,0.0,0.0,0.0,0.0,0.0,0.0,0.0,0.08376785700423775,0.11962517374538163,0.1250258687855279,0.1442081257199415,0.13658289592854408,0.2017240647977233,0.2352961617594121,0.23093107299053509,0.24304984193281087,0.16913522192472513,0.18760838993667894,0.22481900637531055,0.2321572388315484,0.32157869483888857,0.3725226132984553,0.3745902581774131,0.41500747030034557,0.4375326342597398,0.5011125530968611,0.6097654122087584,0.6259228287753554,0.6735283551497484,0.7511178826008736,0.7326705839873319,0.7180814567118272,0.7966282649014828,0.8025869044428969,0.7678731261815974,0.8012130669964911,0.7852010362256427,0.9812330574622916,1.0145387663788599,1.0585741683783423,1.4333014546942384,1.6625077774765165,1.8435704527340047,2.070646014595965,2.0957486808169534,2.1614905192949627,3.1281469755981117,3.5038082057002753,3.48707511447195,3.5087599563032525,3.68226330795287
Mexico,0.0,0.0,0.0,0.0,0.0,0.0,0.0,0.0,0.08881805357272067,0.23187422188582382,0.24271490291824838,0.2549853673700235,0.24719935442078864,0.22160918497103593,0.34154401177084104,0.28139486270151337,0.2684187293272394,0.3461110282798729,0.36529459989238444,0.367442111445978,0.40367683579068436,0.8596850278493946,1.082990371501025,1.1276377141068996,1.0776997115497726,1.1231027698028422,1.2307522162150082,1.3205197309203338,1.341725995720405,1.2148072297120542,1.273524374592294,1.1904701426279911,1.1145962570078007,1.1139598499771348,1.0864326406443925,1.0892618957323807,1.0765207467592066,1.0625166765084928,1.1892052116220404,1.1708021847099366,1.2241212097080987,1.0944337556895039,1.211932297443029,1.1368103646858505,1.1436263501011554,1.1771806829067541,1.1540250361474529,1.3243723844410926,1.4415443084374941,1.7314480692495056,2.0429307753442947,2.1893736258952385,2.3323491259012483,2.7633617191445725,4.472264133634562
US,0.25426792164206086,0.2539045780647033,0.2455615894794984,0.2556953403063733,0.25335142231816293,0.24519788652946484,0.24536080904819074,0.26276161868782966,0.27018619231223984,0.2829173191351513,0.28075399474825374,0.30413285391327477,0.30909961013420534,0.322644616411814,0.3328033557018302,0.3574024324799649,0.37816808719636913,0.38059891191709994,0.431591769657579,0.4894820347270049,0.5017556228374902,0.5303783554703762,0.5654796836724554,0.5372365159511195,0.6340881592878249,0.8273253769044401,0.8825594645629653,0.9321388445502463,0.95731509158352,0.9524247684503739,0.9029623242756918,0.8551348127484151,0.8848767742513117,0.8861655255365105,0.9008525017218133,0.912538778585449,0.9544749114938421,1.0571218758845515,1.1197290177344392,1.19579539423073,1.2869325321383014,1.535105832304961,1.7315009074347318,2.2278656997363226,2.66278579678037,2.965009670108591,3.356522337829763,3.7074173981913234,4.078686619361404,4.340794358420874,4.610819956919944,5.224714614681088,5.674486734198117,5.7570790307383595,6.158085998768699
Total North America,0.22825895117688952,0.22778491934781617,0.22015939987568844,0.22906246555630827,0.226668939877175,0.2185625549923255,0.21837711360142495,0.23313992970470654,0.24087798764373508,0.25380695486427296,0.25198035482928854,0.2809128833160464,0.28804872338928855,0.29927805675096597,0.31348470043020205,0.33051236491526287,0.3541118543817732,0.3629612835433933,0.40644291794241383,0.4565201437502209,0.45902152705291416,0.5061066036698563,0.5499675354757227,0.5282639328347393,0.6189204045375755,0.791145054930795,0.8435592643368875,0.8936354944748764,0.9179233057344037,0.9144751614618803,0.8876586358202885,0.8454917616095939,0.8722447449441254,0.8827797510447335,0.8913645001802216,0.8997556351900992,0.9430877984629218,1.028416016915043,1.0833087668451198,1.1498301574424126,1.2262861022351936,1.4460334789818194,1.618054578958751,2.0234670153813483,2.421841322371383,2.7001260458248093,3.0260946777815745,3.342932006086494,3.6571634610000667,3.8994015766091223,4.255110829610176,4.806082958169322,5.173761790826954,5.28407554519763,5.744586321113098
Argentina,0.0,0.0,0.0,0.0,0.0,0.03920058626059853,0.0387033980732871,0.04907051984203616,0.03585208220249803,0.03507278765278959,0.039466026097238156,0.034210699966271685,0.035128982433415744,0.034614059542436466,0.05087790189555959,0.05204599020322998,0.04676917983258632,0.05862514038919317,0.08033934852231388,0.057081249925720175,0.062061167729460257,0.05827021400248113,0.056315069959921936,0.062228575575490115,0.0639425890020082,0.057786607134372545,0.053298175912987224,0.050676677088915066,0.05177939320467127,0.05644573792030729,0.05256945163777337,0.1532974964939654,0.19651060796315423,0.2044834090408804,0.2886334563239493,0.28736575806918724,0.26790802746844355,0.3920454752399975,0.4292796383044565,0.3607261872247626,0.3958942971374773,0.5349586467196075,0.5092293784036442,0.5274404035498051,0.5437489016874973,1.258106239180226,1.592416238365115,1.9337099228916694,1.9968553762562815,2.2159548118908843,2.303978528071789,2.2839579069523737,2.6557417010326643,2.8386722923353274,4.013970737882796
Brazil,0.0,0.0,0.0,0.0,0.0,0.5839338038646,0.6926279339127567,0.7961570912329368,0.6051843704827398,0.46495755786756693,0.44714746145881673,0.4136189374695865,0.7888484854863798,1.3212255622814055,1.7586593579493066,1.9749395094378885,1.9339777730700325,2.55481323163917,3.462196103994365,3.9240740648009442,4.438707782094955,5.318057103673192,5.319497456434183,5.34631182006345,5.623511041104324,5.293575089526494,5.3103476390295,5.138602942478363,5.103616439282783,5.1912250613958895,5.115683205154615,5.175207142805669,4.8443235341973905,4.621525142228923,4.658269909467254,4.006991597524749,4.063479010308386,4.486826259253769,4.443061231513534,4.623604559071975,4.869301526775683,4.667129005964401,5.86733724340128,7.104039718215091,7.939085707890549,8.395448137926056,7.650005076376532,7.6784118080632835,8.642476759065413,9.809914596658292,11.851369307232744,12.532728855747512,13.478827674550473,15.109050257048413,16.318916370839304
Chile,0.0,0.0,0.0,0.0,0.0,0.0,0.1892179582222918,0.15827287836955878,0.14725806819664933,0.13427895923671448,0.16531373366791882,0.22505629898930332,0.2378182251616343,0.25550689518769093,0.25539970679026847,0.2762857368561916,0.2820842678282931,0.3839262434753802,0.5674047102507339,0.5240500134769498,0.50137534714072,0.6890424202272458,0.6356460316551396,0.6869660989288914,0.6112410124149791,1.7406399991439014,1.6665178545273274,2.5419362154375107,2.4134526166097365,2.343495105132851,2.287655805717291,1.9941189052206165,1.7482631376443543,1.1594941105024672,1.3885003367533697,1.2453540468699775,1.5105665156440735,1.534173065285734,1.4594043702048933,1.6506749411706,1.3931814326016154,1.037491407294061,1.899787217959322,2.551478638175639,2.47813724023884,2.6409222828766588,3.0048353626065887,4.014323594605279,4.603656806256872,4.317328034303352,5.506495924810428,6.7659171225702694,8.52871807870644,9.624664306974143,11.624721016232055
Colombia,0.0,0.0,0.0,0.0,0.0,0.0,0.0,0.0,0.0,0.0,0.3478581560103017,0.35689034303747974,0.331691179249301,0.33269288073209835,0.3283824105323024,0.3393065020986337,0.3095326016309856,0.32253457092852095,0.31086319313617505,0.32997227177360433,0.3323353479353501,0.3206324265727642,0.29711199592541093,0.30354821500287255,0.28848633211457764,0.3084825731553199,0.2915872990084535,0.352356389547027,0.36616562913148304,0.389264250706896,0.4118055070727347,0.4174974754300393,0.3950042390837533,0.4325570501620209,0.4017167546431304,0.4490608272615362,0.4541894659558274,0.4501991084358562,0.43710356631865777,0.44852764835285824,0.4768472749170437,0.45757468803527884,0.4384256136400988,0.41806225225716087,0.8036320570482455,0.8316914374195418,0.9779012739892864,0.9755158195055149,0.8874016629787391,1.0517792721958137,1.0945008990710285,1.103176471220508,1.051353238468195,1.131899743736402,1.1081586984076828
Ecuador,0.0,0.0,0.0,0.0,0.0,0.0,0.0,0.0,0.0,0.0,0.0,0.0,0.0,0.0,0.0,0.0,0.0,0.0,0.0,0.0,0.0,0.0,0.0,0.0,0.0,0.0,0.0,0.0,0.0,0.0,0.0,0.0,0.0,0.0,0.0,0.0,0.0,0.0,0.0,0.007781022465600251,0.23163999982969996,0.30803599238829,0.44029915965617006,0.3952110170532973,0.41756932083599974,0.4270089073489555,0.47343251917136575,0.4774136432037042,0.5467248722915127,0.7287605550520289,0.8325189541007668,0.9615512809412271,0.7998185387066823,0.7907047457474969,0.9793906310827674
Peru,0.0,0.0,0.0,0.0,0.0,0.0,0.822017106060098,0.9178574141420606,0.8096411134461983,0.8079627732306466,0.784603969966304,0.7113370252983094,0.6984136961465501,0.6236786931760394,0.4544022114077408,0.2217764399817053,0.18886590697293948,0.37558639950109995,0.4080350613215774,0.37905447983201274,0.4549711364561143,0.38738759272955303,0.31836291645825604,0.326191288722012,0.37874032946318265,0.35911767238345393,0.3543560249459075,0.3629198917999911,0.27327935240435275,0.27416795664034227,0.2999515037563794,0.2806647676161295,0.3130733586203724,0.25528664949224555,0.2737902174245389,0.30256571938439847,0.3148410670281543,0.4721485831031831,0.49793969382773434,0.34882660216927913,0.6312988976173715,1.1332597519346936,1.1483827794561057,1.2468047536990117,1.5599932654523763,1.812804235210809,1.6694759538758468,2.2724613994304192,2.742790059330497,3.1612194759902232,3.100863729433449,3.094027787524368,3.511482489254046,4.188482723081288,4.551237076956259
Trinidad & Tobago,0.0,0.0,0.0,0.0,0.0,0.0,0.215352341688756,0.15623139800171384,0.1305077094166645,0.11680295219555117,0.1333652698699582,0.0979804435985168,0.11400445269669256,0.14276936571922813,0.16159070964415648,0.15065292077741757,0.10425673900196758,0.08409558231002517,0.07661424270072406,0.06315184668192865,0.0799087581117613,0.11754807642858384,0.14846507656482882,0.1176603008623572,0.1151674096500155,0.12374578754369953,0.1000950427981629,0.11348056368055484,0.10048038948132551,0.10836141965995334,0.10304454858865048,0.04685013562545995,0.04961906425300816,0.048883710470854456,0.04398249249822333,0.047050150913148174,0.06379040126200283,0.05314263012467102,0.023574901243572536,0.03972821156163708,0.035594777085347466,0.03569259474481029,0.02623688424266397,0.027973786678183128,0.02731229670112291,0.004463974263360098,0.004517825784066944,0.004561408286303681,0.004451335091689062,0.004985153719116039,0.005861756096164721,0.006567740100010098,0.006153094354523019,0.005856643661015679,0.005832828340352686
Venezuela,0.0,0.0,0.0,0.0,0.0,0.0,0.0,0.0,0.0,0.0,0.0,0.0,0.0,0.0,0.0,0.0,0.0,0.0,0.0,0.0,0.0,0.0,0.0,0.0,0.0,0.0,0.0,0.0,0.0,0.0,0.0,0.0,0.0,0.0,0.0,0.0,0.0,0.0,0.0,0.0,0.0,0.0,0.0,0.0,0.0,0.0006936863478163409,0.0007987676940048223,0.0013359298040151542,0.0013948220735363636,0.001810413097332475,0.0027766896713465688,0.0030391947905978357,0.0031546951787228337,0.003243444124179002,0.06392973996855236
Central America,0.0,0.0,0.0,0.0,0.0,0.0,0.4546064609993257,0.5494841008440844,0.4346393831947606,0.5633023825297236,1.1128210976546649,2.2917489927528374,2.190363780777586,2.25189319244988,1.8789471923309358,2.0526471908174364,3.295136695547561,3.5736879282275162,3.05327706920107,3.64002324622364,2.6918721377009716,2.387167225663509,2.3709972052959256,2.3194273709314714,2.891896327753192,2.910209988859565,3.006154224072619,3.741878621285514,3.2942180645522208,3.052550828433511,2.925111445912722,2.8992143720804386,3.004795744144381,2.35854383414125,3.4167191443870695,3.8795431699363676,4.041468195969244,4.383931814636517,4.395973659018608,4.4733905576051995,4.643867309391134,4.769488864994907,4.947105615359064,4.914554897565579,5.560531606991835,6.082366547106556,6.008459132692861,6.826159407141017,7.347926480192964,8.161431760057816,8.65613858453852,9.28360064370776,8.936661023021042,10.057690763323734,10.528589828714598
Other Caribbean,4.333534946311872,4.267556337123223,4.178256029869738,4.164086800349521,4.133847097216202,3.674642869138693,4.532136835863018,4.273088913004976,4.130451791050455,4.259242740242511,4.2363901826363435,4.337006950779536,4.5329831119738095,4.449846800850846,4.420113577053821,4.239508861545011,3.8418898138852686,4.688747472898766,5.144810171071352,4.759407021723209,5.202396280974777,5.459955644739387,5.327112132283737,5.50019853779599,5.309079986689116,5.657926405012981,5.647938514959578,5.0420090371917885,3.94088652711247,3.8120639857577854,3.8548634749672392,3.770292898750301,3.65614726600242,3.4485564974572043,3.5665288416738687,3.2388072937777355,3.0354710545631174,2.8288559912776408,2.6813926873836302,2.6658284438498634,2.385674406728532,1.7585514972287115,1.2745598982400466,1.3330860788370487,1.4184645538726428,1.5082261109406139,1.6407949716012897,1.930088966540583,2.2302636564248948,2.2798955102508365,2.3763981330513677,2.4052030004406997,2.6732687105628394,2.684828526253503,3.126399730752475
Other South America,0.0,0.0,0.0,0.0,0.0,0.0,0.3197683674779336,0.30381734507713265,0.3035023912228018,0.3542163337384287,0.3067639481182929,0.34599705605350484,0.33430177874355316,0.22368687297276557,0.3027333415928898,0.30447135753336046,0.4109238547775434,0.5099649686047856,0.4644964080805702,0.5400439253597767,0.4716780545289203,0.341639871651089,0.40142488053348896,0.38235070622151396,0.30783142996804475,0.3171865036068458,0.31991076449355965,0.3366538511978955,0.32622587026963484,0.23712416466291916,0.18283679281172982,0.1555306518127421,0.14055324088766188,0.145525207625874,0.1612262307110125,0.2055448129283404,0.2193191751073897,0.21336459308219954,0.20153647264154348,0.19346109470864528,0.26232635408389604,0.25246947962257904,0.3364744156512192,1.10922371234938,1.2726790192262227,1.4811978843096019,1.6083457311080642,1.788784948297173,2.0126933294706477,3.1137061277025255,4.666556471823668,5.1605403803593335,5.822580984223652,6.647681367472042,7.110540727694338
Total S. & Cent. America,0.7145726023830125,0.6886660703936298,0.6742986829536517,0.6475191436002127,0.6309553790594653,0.7585565865005284,0.9941907756664323,0.9832626851825803,0.8965479543169149,0.8489735434382802,0.8650845930322757,0.8825353806049501,1.0214650849130609,1.1918065939502849,1.321344507746347,1.3920861623020755,1.3521955516458237,1.6535184986324423,2.015688520259521,2.2007687517699015,2.4268387209086146,2.7453456015547086,2.719326066134337,2.744782588365534,2.8690047158486944,2.7723317042321485,2.7786740633555866,2.6893201551380965,2.570581989858154,2.565504526702095,2.5370763576592115,2.571644875578727,2.4470559751619865,2.2945667971696606,2.415703439546915,2.155997287214001,2.1600052401978207,2.365623018311452,2.357928736588465,2.4124850091155334,2.4831432614036992,2.319467914744136,2.848445799733299,3.436445965011699,3.8503204087405583,4.3114149247461535,4.0879200399961215,4.251737794518803,4.803857528100792,5.475133291722931,6.497205948477623,6.901046492112475,7.528997316636202,8.543844646679899,9.531493520335143
Austria,0.0,0.0,0.0,0.0,0.0,0.0,0.0,0.0,0.0,0.0,0.0,0.0,0.0,0.0,0.0,0.0,0.0,0.0,0.0,0.0,0.0,1.1523265183178941,0.7687572564334285,0.9021323232314347,0.946218521970683,0.9854243457243922,1.0080256372015424,1.1134074204544295,1.125160871165019,1.0009258464277808,1.470277217221936,1.2623123552517137,1.3474420154749982,1.4436844072190438,1.2461401682311024,1.2086733131957956,1.336283102402541,1.2498348199066616,1.4714931029968918,2.0383761859519534,2.6658478476527208,4.065663062081022,5.012973551302365,5.245812548795394,5.6886194875257035,5.653367221216991,6.024568712404673,6.200344435820275,6.643705020549222,7.626877295268432,8.763891208168225,8.581272962948125,9.208010774055573,9.136504470255504,9.493010901934731
Belgium,0.0,0.0,0.0,0.0,0.0,0.0,0.0,0.0,0.05650615469675118,0.054477507907125036,0.04454777116085804,0.02884364441980614,0.1248049478051837,0.12586235766302276,0.1481872815693729,0.14744497952302915,0.15043234054739127,0.02486599451862313,0.012284629661435186,0.012826761573498359,0.02715135503108696,0.059105904628982485,0.07136901827376682,0.08889058142217629,0.09290960898688273,0.1279722855805856,0.13140866564129572,0.1185727264351436,0.1104487292223169,0.10504458456107449,0.13528744902038348,0.12416946088420901,0.10813188016631758,0.1385879970225884,0.19223396302137968,0.21567390549710802,0.23452169831951813,0.28710783488892117,0.333884406928738,0.41285873487076075,0.6394231417326212,0.9043706551368328,1.0669279210320848,1.3490038947677463,2.0397385676661792,2.600955243841204,3.482859300272781,4.306165183733761,4.595804454054242,5.284985211804276,5.7462440766385114,5.514127435082506,6.02932834732134,6.580389014983933,6.839767844324535
Bulgaria,0.0,0.0,0.0,0.0,0.0,0.0,0.0,0.0,0.0,0.0,0.0,0.0,0.0,0.0,0.0,0.0,0.0,0.0,0.0,0.0,0.0,0.0,0.0,0.0,0.0,0.0,0.0,0.0,0.0,0.0,0.0,0.0,0.0,0.0,0.0,0.0,0.0,0.0,0.0,0.0012414103685695797,0.005706594969492952,0.022145406184190978,0.053388099899114604,0.16727274370183257,0.3527961086778861,0.995913220782011,1.2685950868626945,3.0097508376234168,4.362611224234346,4.000178105453007,4.293426368725331,4.675359368257763,4.727606177223187,5.689501878001291,6.089714884199535
Croatia,,,,,,,,,,,,,,,,,,,,,,,,,,0.0,0.0,0.020900921465760655,0.06344754915547988,0.019867976451428983,0.015997902019873514,0.029922687770860414,0.006018306653450319,0.014224726139470527,0.0055126881487877,0.0029119228251358615,0.0,0.0,0.0,0.014872584139877847,0.059743685932403416,0.07508322818533196,0.1322395773374509,0.18910046755511514,0.2851285190186941,0.4204045068153784,0.7529227515045428,1.6436249334883322,2.158385014348815,2.8733132241212433,3.470676065454343,4.0918629932725485,4.849373774304612,5.611658212796437,6.5720687980787575
Cyprus,0.0,0.0,0.0,0.0,0.0,0.0,0.0,0.0,0.0,0.0,0.0,0.0,0.0,0.0,0.0,0.0,0.0,0.0,0.0,0.0,0.0,0.0,0.0,0.0,0.0,0.0,0.0,0.0,0.0,0.0,0.0,0.0,0.0,0.0,0.0,0.0,0.0,0.0,0.0,0.006544686292319103,0.0070797013037861,0.01174460768834235,0.055819225052363926,0.5718128701596147,0.7344881791976369,1.0425815309762498,1.919293299993265,2.6854043613901957,3.588172777063315,3.268636816774178,3.8645299224334058,3.699941056350565,3.65482150245115,3.883627305662053,4.328694437357651
Czech Republic,0.0,0.0,0.0,0.0,0.0,0.0,0.0,0.0,0.0,0.0,0.0,0.0,0.0,0.0,0.0,0.0,0.0,0.0,0.0,0.0,0.0,0.0,0.0,0.0,0.0,0.0,0.0,0.004125103588420777,0.13734103063469796,0.20195671186963904,0.26995496630640964,0.212524750227331,0.36311718114337743,0.43645126002607715,0.5379831610016749,0.45052749215708987,0.4018758165665195,0.43117489846996565,0.399848422313412,0.372980543847577,0.3542453210833791,0.5278699525902427,0.711245714749957,1.1396048305772326,1.670409634664461,2.122568480626448,3.4173350107226654,3.7440431866025206,4.115354641243242,4.670343528249711,4.8767497498192025,4.809874468595268,4.7975411903090395,4.784584508452034,4.976274935856229
Denmark,0.0,0.0,0.0,0.0,0.0,0.0,0.0,0.0,0.0,0.0,0.0,0.0,0.0,0.0034778271641549164,0.006969640980810959,0.012520413138490557,0.013939394116402118,0.025696290872838676,0.0878243318343612,0.09514726624237163,0.1114752489089125,0.22038058022060716,0.30395431150586166,0.48653503377424495,0.7869934132342117,1.1293694403925603,1.3079727438987117,1.8323608878672424,2.1207757620572676,1.918797859422314,2.084049165850622,1.977087629522313,3.082574977608435,4.284757567256628,4.931529506953264,6.544843099274224,6.810403266812792,7.882970140177687,8.671601483326125,10.75138745996534,11.420270503744181,9.672280414114002,11.36672145135868,11.511395601386932,12.15748250202221,14.30035820628025,17.72425449605444,20.412893596354927,20.82133213542954,24.031049153373242,26.01088223446552,24.995228530795572,29.1190152982931,28.021854493865224,31.549373688538925
Estonia,,,,,,,,,,,,,,,,,,,,,0.0,0.0,0.0,0.0,0.0,0.0,0.0,0.0,0.0,0.0,0.028309769180346493,0.022376101273196003,0.03619769900658617,0.058032068770115214,0.06328772314259737,0.067005023795898,0.05418330846563532,0.13983320348643982,0.14451286934299265,0.16523467560433108,0.3753655264665661,0.4985000144188897,0.48555680415203273,0.7347767042233309,2.269768374987819,3.9032045426850273,4.20700444733787,5.119246025273439,4.102549526893743,4.7615268588600355,5.518206947505245,5.388287478128478,7.804281948547098,5.971586289842361,7.541814837691124
Finland,0.0,0.0,0.0,0.0,0.0,0.0,0.0,0.0,0.0,0.0,0.0,0.0,0.0,0.0,0.0,0.0,0.0,0.0,0.0,0.0,0.0,0.0,0.0,0.0,0.0,4.4794489021207085,4.257083543729615,4.241509804759979,5.046331945122039,5.20648642275065,5.590516303730899,4.754942824079697,6.310061507972975,7.214451804550123,6.607004090416665,6.758780784469283,6.277437287634077,6.709862869011256,6.494251217233058,7.28233589142592,7.30772092450791,7.671129431599797,7.090049836995277,7.931765077549691,7.411552818284896,8.365830502407883,9.437651006545575,9.637184402049689,10.444376302830353,11.692068657222098,12.387208514903781,11.700879529316612,13.966190544045887,15.351320061544675,16.17016561475092
France,0.0,0.08134870836560949,0.11846009474822433,0.17183047267529053,0.17961370166503862,0.2123839239007674,0.20731236434447167,0.21109397313420333,0.19880173002231472,0.20611363889462284,0.1965744504699313,0.17359808410414468,0.1770845302858918,0.17479626608542706,0.17762683061605056,0.1784004242150118,0.18299594644389502,0.1945491128455579,0.1938482807888965,0.19530631397547007,0.1925964856459541,0.1892385595816574,0.19573350366331016,0.19575399623086243,0.20049867419572373,0.20218188551641872,0.20901513311598727,0.21344204439678302,0.20861721918332396,0.25632050788828487,0.2897619242933669,0.31811566931230983,0.3748736938177709,0.349095205543794,0.36731451112542474,0.395208360205382,0.4287183342391097,0.46702661971961823,0.4763486319954569,0.504167300866244,0.6317295907678645,0.7832716617038638,1.2621745057584546,1.748525665007521,2.1360711623451394,2.297131936732814,2.744972701335523,3.2553251951428566,3.3973525349329328,3.8831388489863192,4.406443109960425,4.674609896354717,5.0905644432862855,5.460964279306389,6.343786119690321
Germany,0.0,0.0,0.0,0.0,0.0,0.07084937813846051,0.07638350210310552,0.07512500792750812,0.0734358391146359,0.0763904428243979,0.08309907363619266,0.08845990287006286,0.08654542614791814,0.08827485745069504,0.0916202564825657,0.1290697014193194,0.12226808594316353,0.12637843931959983,0.10669806290403147,0.10979051039382509,0.10674347086255843,0.10452578602656261,0.09400105059360964,0.10651834512239398,0.11612531604483765,0.10015057473433583,0.10707229034423645,0.12898886548761895,0.15756429844270398,0.2040456484370457,0.2557483353707101,0.29501006427331994,0.3844986078676426,0.5650547054987567,0.676907314772999,1.064408764886068,1.1669788652607676,1.6528636359615736,2.1072928146714283,2.7548019207226173,3.439434758210235,4.21728596264336,5.564790996351925,5.752370880387048,6.338969141451521,6.609280820797892,8.42582862414242,9.368949640983118,9.505521650571582,10.857859064107261,12.38099515193127,12.07024663853148,13.642116819252475,14.656440112772003,16.11468763616877
Greece,0.0,0.0,0.0,0.0,0.0,0.0,0.0,0.0,0.0,0.0,0.0,0.0,0.0,0.0,0.0,0.0,0.0,0.0,0.0,0.0,0.0,0.0,0.0011498286366689282,0.0010885716852441912,0.0010037898174900422,0.0019064479516571885,0.0018916767749137648,0.008387383500129925,0.04404344488919252,0.034269030955024066,0.030465295462429858,0.030506980939079893,0.030516631328548288,0.0566710792597186,0.1267497595812215,0.33255218375496637,0.6058363058754017,0.5578155814295466,0.7641311434896082,0.8381582422340087,0.9239869745856206,1.2855610499233847,1.4756339014666089,1.756356870151427,2.0776661695627006,2.4936075840245944,3.2311125364119695,4.661460998971814,6.695948761654226,6.871755078496808,7.66828599635815,8.268263921788769,8.184897595565255,8.62336233108344,9.615879451242117
Hungary,0.0,0.0,0.0,0.0,0.0,0.0,0.0,0.0,0.0,0.0,0.0,0.0,0.0,0.0,0.0,0.0,0.0,0.0,0.0,0.0,0.0,0.0,0.0,0.0,0.0,0.014516087439043644,0.021915067150066928,0.0445492663181005,0.03831478727202007,0.043634480119090664,0.05395189863828027,0.04732109696962573,0.05158869205614237,0.05776900835512033,0.06246342229372205,0.06453712617199504,0.06808290972640504,0.04156422708333044,0.15740806080878475,0.6880131106563058,1.4705074221461305,1.1982889565063866,1.6065354048361433,2.5816564980135124,3.330026699325883,3.4236464711337047,3.0390271662590442,3.1835451745523233,3.3910187651991532,3.9099353738793896,3.7842949058580695,3.762357501570953,3.716601244196144,4.031231133981036,4.564661519485886
Iceland,0.0,0.0,0.0,0.0,0.0647520412376346,0.3409773343944474,0.31177736242677656,0.5163483520017311,0.477759989466879,0.11658190434740894,0.38783097300126174,0.3890312424295501,0.3119364697256434,0.3387097760143838,0.8112687234749765,0.7847870492147505,2.121693215432903,2.675690899113612,2.8006707831115536,2.6844265320621474,2.6806925533274972,3.1799793809249812,3.3978294189207303,3.3798135491909997,3.421231031434359,3.755286836191434,3.6310955521614936,3.0178509662731434,3.2147787579022986,3.2304020087980416,3.4915291154287202,3.923399537358252,4.072136997203441,6.586590033328639,10.463265174007876,11.476957878313426,12.379633042646535,11.675090989057528,11.335696141495829,11.648886502341108,12.901728064329054,18.53109939100827,21.92688733883571,19.701026592288702,22.111935618952778,21.55361600625451,22.554859265627687,24.597424051424483,23.920506943729404,23.831338828461007,21.850459824334617,21.910219636458876,21.25677758230519,23.80132641971314,24.785890490061796
Ireland,0.0,0.0,0.0,0.0,0.0,0.0,0.0,0.0,0.0,0.0,0.0,0.0,0.0,0.0,0.0,0.0,0.0,0.0,0.0,0.0,0.0,0.0,0.0,0.0,0.0,0.0,0.0,0.011392174063447388,0.033446696279787046,0.04075661029098421,0.033656534820839155,0.08155463922208347,0.2496728839732359,0.4500951161513321,0.465659820774512,0.5459771814522651,0.6505588785082698,0.7081870872917257,0.8316646383551473,1.1539872779085847,1.7928701727608756,2.466585739109044,2.9998368719987414,3.8649831357865065,5.214976846373349,5.188923158722337,7.6472242053577135,7.295160568361508,8.384782730978744,9.48672435233201,10.903039104232638,10.23915705432418,12.293511128532476,13.751906531706231,15.368585586685906
Italy,0.8076051581393783,0.9310347836570599,0.8907375244363522,0.8575358840703512,0.8390851313058173,0.8425520845167918,0.7962984419009821,0.6867357393133728,0.6641325321048467,0.7335481035343188,0.7038905079264317,0.6375102959480651,0.6225385346859177,0.6203725429614759,0.603667417052727,0.6414521060598974,0.5738309702830063,0.5942856887464033,0.5849953565489268,0.5894744890583772,0.547477488378918,0.58088615722359,0.5947036916312982,0.5951922610669895,0.48903896806635977,0.49842273611760274,0.49081164956741213,0.5308844774356507,0.5744453858359552,0.5427544738934337,0.5349850736476387,0.6082426269097332,0.6597895240611248,0.7340118905749936,0.8053720959427965,0.8915353773532703,0.9941401566437605,1.1623165090534264,1.2960779020975322,1.5569266536423647,1.611958999916354,1.777254695677746,1.9478145336923745,2.456296053323939,3.3455071392200804,4.117391913910636,5.6649454822793635,7.657717430663093,9.083755959071967,9.86118616334052,9.93744281457243,10.097184842110856,10.248717494628602,9.875327390441594,9.976285752584884
Latvia,,,,,,,,,,,,,,,,,,,,,0.0,0.0,0.0,0.0,0.0,0.0,0.0,0.0,0.0,0.0,0.0,0.0067533749699274425,0.013470389955987249,0.01243182346385345,0.014581574583375178,0.03728752171601311,0.04122733517744113,0.14186917617747236,0.48906947338582946,0.5234347978550746,0.5828959198301132,0.6242941938712303,0.6015461964211919,0.6410097820140159,0.7081495115034786,1.2717457713076472,1.826260129625407,2.8467440591045214,4.2437027637813225,5.6145422586681475,6.375720574949958,5.864439987226558,5.955193924333326,7.165552874004506,7.310046853298919
Lithuania,,,,,,,,,,,,,,,,,,,,,0.0,0.0,0.0,0.0,0.0,0.0,0.0,0.0,0.0,0.0,0.0,0.0,0.0,0.0,0.0,0.0,0.00609815777240829,0.01136777839973983,0.018854720610805762,0.028992769757692466,0.06609129670008716,0.3718930635500714,1.08203242259364,1.2976104488904114,1.4218089745642293,2.2857486466610966,3.1835739126635287,3.90690181701431,5.176405891636432,5.901827632042926,6.55668993572924,7.400274589096652,8.15358535793494,7.761355449920703,9.310579522819703
Luxembourg,0.0,0.0,0.0,0.0,0.0,0.0,0.0,0.0,0.0,0.0,0.0,0.0,0.09141464534962647,0.10138381074841395,0.10521112476393502,0.10700350143848301,0.15015618645890713,0.16026553820068531,0.1619230937579499,0.16797104819894396,0.15495142420915736,0.14971388558014842,0.20504082275172633,0.20915712443364795,0.15037879674921814,0.09354379599125183,0.09727956248068607,0.08168423001981967,0.10077906728714837,0.10743874019219485,0.15967566550576417,0.12301747391813186,0.16208782091973317,0.2365630753042961,0.2938592409136109,0.3522634509455067,0.3440749984093695,0.324595826264806,0.3681743610168147,0.4770812841210115,0.5948906327814524,0.6962471484521693,1.8078104167579496,1.8180398121597023,1.8902222237355635,1.7839597721839375,2.065046208311371,2.2695528881129103,2.772045375908561,3.4807447653589807,4.160375614395708,4.431823788147317,5.8272655311136425,6.203636932779379,6.506262109553679
Netherlands,0.0,0.0,0.0,0.0,0.0,0.0,0.0,0.0,0.0,0.0,0.27125367911575,0.27008691152743586,0.2734463742435723,0.374415993646612,0.33098506307025516,0.32637744880476943,0.3646869311346255,0.0963403836575562,0.08357682214268028,0.005923954328131515,0.1489484870082689,0.1782857880502453,0.22198752064037952,0.26746829525006405,0.2887801997568226,0.22155752879693602,0.2509681494783294,0.2663738023582887,0.3046874885295472,0.34925701937428416,0.3806434336743229,0.47971718427910326,0.5399696843370726,0.6174567806245366,0.6823900959796816,0.7872506481137598,0.8447583868777087,1.0160296130687778,1.0095926147955894,1.3017443447521104,1.7895419886647113,2.0035440373169653,2.152242416212688,2.5790656494412447,3.0311742462733733,2.7868889377918102,3.274445280741785,3.418501174272574,3.4016906043086874,3.516972639589546,3.911939943512283,4.00899360810307,4.912431053436493,5.516618655884022,6.5210354502498555
North Macedonia,,,,,,,,,,,,,,,,,,,,,,,,,,0.0,0.0,0.0,0.0,0.0,0.0,0.0,0.0,0.0,0.0,0.0,0.0,0.0,0.0,0.0,0.0,0.0,0.0,0.04653759409726601,0.07076481996891426,0.015381814180451963,0.01903379173589578,0.031840461096226534,0.11273610634762068,0.7926285781520921,1.4327128874194224,1.410164466421083,1.5958331912685648,1.494049907998365,1.438566923052568
Norway,0.0,0.0,0.0,0.0,0.0,0.0,0.0,0.0,0.0,0.0,0.0,0.0,0.0,0.0,0.0,0.0,0.0,0.0,0.0,0.0,0.003329912009680255,0.017719253415394518,0.013634565007788852,0.017023115777058097,0.0171775952757368,0.12492992128716428,0.1328600217318773,0.13705899225410484,0.14211655950789812,0.1632721328793416,0.1648782335839096,0.18788389662234714,0.14216923235986506,0.1532430397534417,0.15898828141526355,0.14590027475868514,0.1584558255021489,0.15419665411662425,0.3269452954915602,0.35849131986110266,0.4239042055382822,0.5639135804592827,0.7070701987800998,0.8124297930571157,0.8538397979790322,0.9448741610461611,1.1448608866612584,1.2079242354786301,1.4577529720408293,1.4981828125991472,1.6547928577701772,1.866313350386979,2.589368152603665,2.81494855314153,3.8726009415166485
Poland,0.009308404059166173,0.013344539450136085,0.015012983610374921,0.014900758793749533,0.024931808269184848,0.016595010022809446,0.027537290259597693,0.04782262448162201,0.05658522547080762,0.05772816478128592,0.048048774080116784,0.03955436257667137,0.054935514515335175,0.051729023059161515,0.04669092380517171,0.04607624553010578,0.055432815087583284,0.0544356644257404,0.07292320734243679,0.06685168607771998,0.07522636199734883,0.06781675411930124,0.03444875409365098,0.01710471141746281,0.019474041089992258,0.01262570937324294,0.019474666871417776,0.0272359890085157,0.01497446935579901,0.013082780540352225,0.017042251303664418,0.03175152339626352,0.04122838642679463,0.05637634683948496,0.050563155434462576,0.06172507897039169,0.12516350060883752,0.133944005816106,0.18605981743492594,0.27407242937220716,0.47241755438949357,0.6358120550266031,0.8398068040320515,1.4953572974047378,2.1878157483369707,2.4371123056750026,3.0822471077669578,4.157204389846879,4.0566652645218,4.860674846330242,5.470550657730433,4.957246692711577,5.091921390249207,4.889326810163136,5.774966149946418
Portugal,1.1727241096168677,1.0378752219911314,0.9312276949444545,1.0849746068593322,1.2324502115973963,0.6819313547708575,0.4757945605969426,0.3460341222602738,0.5537396329626098,0.4761688887614971,0.6268425798218512,0.6156360244691264,0.5563173218814171,0.5239204167847236,0.5492034021206549,0.6986139718364405,0.6887213048527914,0.7238019362406733,0.8029381264596646,0.7110140700618962,1.025121178661882,1.0677049698785517,1.0575925650525113,1.0157363735148428,0.9485702992880213,0.9808144153070384,1.1083504263127606,1.1958807584954954,1.1981411088751555,1.2446014471129827,1.2041408371499032,1.1548836410348424,1.2430871772785346,1.1823218259732495,1.3417380864267454,1.4765986004076819,1.600005774993816,1.8068858968267636,1.8012982644821582,2.2488444197583024,3.190335593661514,4.611184682658982,6.0923131755260735,7.866191775503236,10.119568946704586,11.907311280141636,12.65610116484282,14.800598524974532,15.237688258726598,15.28184259638444,15.33842086696965,14.917102432431365,14.968245360503587,15.228408664669836,16.983155807766693
Romania,0.0,0.0,0.0,0.0,0.0,0.0,0.0,0.0,0.0,0.0,0.0,0.0,0.0,0.0,0.0,0.0,0.0,0.0,0.0,0.0,0.0,0.0,0.0,0.0,0.0,0.0007815121141462136,0.0,0.001012722566372205,0.0005212243083943672,0.0,0.0,0.0,0.005877646881209997,0.006430849746572038,0.0,0.0,0.0,0.0018774299230599242,0.00186333961751306,0.0023844201738819357,0.0035512631271420333,0.002879526322682441,0.12939937543394325,0.29316482033677044,0.48184568722709165,0.6198576424106939,1.5559729181297772,2.418239431676476,4.166386389370303,4.839006549214695,6.912259994852289,6.732254836644995,7.212690672708594,6.300603100164261,7.007301454298853
Slovakia,0.0,0.0,0.0,0.0,0.0,0.0,0.0,0.0,0.0,0.0,0.0,0.0,0.0,0.0,0.0,0.0,0.0,0.0,0.0,0.0,0.0,0.0,0.0,0.0,0.0,0.0,0.0,0.0,0.0,0.0,0.0,0.0,0.0,0.0,0.0,0.0,0.34329243103027585,0.19949509017573788,0.13586306192989267,0.03806497169595734,0.0975836511720478,0.7185313649332362,0.9812161910375974,1.0675721860327207,1.2730432712330773,1.4437920864595168,2.680627549948687,2.4787911277135546,2.635058087543201,3.773549605907374,4.022976337171317,4.064839923832751,3.777878423013328,3.8261666920824027,3.4379893440150306
Slovenia,,,,,,,,,,,,,,,,,,,,,,,,,,0.0,0.0,0.0,0.0,0.0,0.0,0.0,0.0,0.0,0.10988596233334341,0.2504896105573468,0.24478317507671607,0.34606027180987015,0.41896809861100626,0.3895271329617761,0.3514474986563381,0.3719368724848616,0.5185056068295896,1.1457952598467729,1.0193897500387552,1.325264668235278,1.4948785270551963,2.114852492705865,2.409903670913136,2.242171743221805,2.35107714863489,2.0553081361972847,2.2037236563897062,2.7069191404194277,3.194518623224852
Spain,0.0,0.0,0.0,0.0,0.0,0.024929033486085474,0.02506294877691981,0.02720264569257419,0.022753941445558867,0.019912757764953635,0.04290090182038868,0.06633701641639557,0.10614525329843875,0.10812362701128353,0.07977985616416627,0.11410421207475176,0.1324033385289465,0.1522789013180207,0.17107976137213213,0.1656423229466023,0.1855399831942135,0.15992197063428598,0.16143275185891715,0.1850614004345051,0.15626686457076686,0.14715314745659674,0.14265578636193144,0.16530040243991545,0.17548354632129448,0.19619085222948413,0.2969397461664714,0.3222178067140922,0.4638928126985734,0.5785537275521618,0.8676541082297524,1.1960549383906494,1.5147923243875623,2.1438570817234104,2.585852439513261,3.039807060288032,3.7688595648214815,3.9823081475975552,4.559816451023441,5.843684550807653,7.720350807788876,9.36352767166035,9.847656090910494,11.80524252069181,12.787129685850074,12.492140259221983,11.927398890549131,11.73023728121648,11.861395881155117,11.950071330842407,13.036043360279498
Sweden,0.0,0.0,0.0,0.0,0.0,0.07538285630746866,0.0914628982839753,0.12545317020104288,0.20958598077998147,0.20278852377995388,0.1661409349039032,0.17819918948670213,0.18367376035315217,0.12093342019501775,0.14412962250085745,0.3186103110879572,0.4108149955006656,0.46993509700521163,0.6862561882754585,0.8292753855287837,0.744410312125088,0.7869854042098343,0.797820136811448,0.8502747802675948,0.9330981699271539,0.8148076203666542,0.8253145304392364,0.8942273784136124,0.9852867054987011,1.0177013388427307,1.0760125430894107,1.0149040278275632,1.2948939189369921,1.2411550606904602,1.2646013514363699,2.04061801785122,1.7661498076784454,2.101685531721529,2.358633639490871,3.3855645390581612,3.7084524686256284,4.359331132415527,5.123445335462184,5.887026943142064,7.080149422257851,7.766108153566398,8.817841887892051,9.176104691665413,10.54642114776624,11.242739477296617,13.331388862469884,14.0590366840702,15.031163649137437,14.697057143634664,16.102946167367318
Switzerland,0.0,0.0,0.0,0.0,0.0,0.0,0.0,0.0,0.0,0.0,0.0,0.0,0.0,0.09660414049762361,0.2838647616803849,0.16002323796412388,0.40431221230137526,0.3694484774798046,0.3602200446714335,0.3457997426758861,0.32030046637012016,0.3826956838413898,0.43004257622045355,0.4286254883162454,0.4721061068850239,0.37555867550721517,0.36505798694631797,0.40033922671017597,0.4074410124988528,0.4351312493306679,0.4795310314046018,0.5309840535466077,0.533276134473496,0.5563397828994417,0.5807613892817557,0.6612305887871579,0.6488683089136587,0.7195339670811519,0.7413591011314674,0.7794077263973189,0.8479185865131713,0.9095427120123477,0.955326295185763,0.9788067115592722,0.9934463464969179,1.098413810311568,1.3280922560843809,1.474169121919646,1.6370227076077746,2.063021585214122,2.367504991169136,2.89224500967061,3.442580315770663,3.6864185450916147,3.9374673306371455
Turkey,0.30524560916401045,0.3244612567502003,0.44477323498850363,0.3953000895233242,0.36002607875195486,0.31567700919568836,0.2780375216509707,0.26889778524321345,0.2668666181284605,0.2751337842013125,0.26280184444798727,0.17093864912611045,0.21139486758396162,0.12568133203233162,0.14114827432796348,0.12745209908017102,0.1022325324825842,0.0,0.0,0.017278216689392892,0.004341028190947456,0.028934317664131903,0.03377052599910352,0.03638505253592254,0.03380461836827714,0.03988563077711151,0.05837074391683489,0.05416183559259737,0.05730351697294914,0.05737017953178614,0.12162731355299955,0.09374125640505813,0.13025991944367743,0.11177968615139042,0.08105127097350368,0.08888856588506418,0.11868944964734597,0.09077670098364615,0.0690111024721299,0.06353919242172829,0.050924934147017153,0.08834243575610605,0.15013267670545616,0.2746604167074429,0.48893530475162034,0.8231654901805376,1.1318147227367104,1.3953840721324111,2.0938544792106852,2.2103887589677984,2.7038681308516286,3.5382557746182797,4.174221356661762,5.475766118466693,6.327698724491905
Ukraine,,,,,,,,,,,,,,,,,,,,,0.0,0.0,0.0,0.0,0.0,0.0,0.0,0.0,0.0,0.0,0.0,0.0,0.0,0.0005312092760107376,0.0005286808903139933,0.0010538767120244286,0.0028295124952457664,0.003899536171705305,0.0053297506962138655,0.005632468793023846,0.006417013289314929,0.005794263764252563,0.053951944695585285,0.052507736609121655,0.03621084207316516,0.0439941319196278,0.04485572484028795,0.1362393541802246,0.2897255339264373,0.4017357629998838,0.47825892490635463,0.42857215369908797,0.5548344103549918,0.6848943007859101,1.370851751762652
United Kingdom,0.0,0.0,0.0,0.0,0.0,0.0,0.0,0.0,0.0,0.0,0.0,0.0,0.0,0.0,0.0,0.0,0.0,0.0,0.0,0.0001225588453179393,0.00011757767967203468,0.00011439917457528148,0.0,0.00011309199237358923,0.00100662314127002,0.06711140427407344,0.07573969690675023,0.10579979511486819,0.15305420011104473,0.20393105579365114,0.22190389585561676,0.23858624302416953,0.29413775257205776,0.3701406829234237,0.45092273247934256,0.5044194467229525,0.5638442549948515,0.6623570603984202,0.7701069541790642,0.9466248022722004,1.224797848484642,1.4292782867093001,1.6519468215636026,2.1008768084167673,2.6441964604529797,2.9169066168990114,3.793628294048286,4.343053666193625,5.7655010490750565,7.317314129960733,9.145462588862893,9.272684218012953,10.960509873509388,12.428189873551549,13.776740197409525
Other Europe,0.0,0.0,0.0,0.0,0.0,0.0,0.0,0.0,0.0,0.0,0.0,0.0,0.0,0.0,0.0,0.0,0.0,0.0,0.0,0.0,0.0,0.0,0.0,0.0,0.0,0.0,0.0,0.0,0.00033628580427240575,0.000562837339748649,0.0005171056559928519,0.01221799510221474,0.01023756671083712,0.011151891105440601,0.010224132358634126,0.009112173964965907,0.008619105240090024,0.007832375377855813,0.009412026824457954,0.02052389486295855,0.023543805072516657,0.027501713238707797,0.03604125644994231,0.029209302961323104,0.032600826528026705,0.03234283136213782,0.04316552265489612,0.06317227848164023,0.08931114420280592,0.13878247820963435,0.2318022634342578,0.27929792360469746,0.43935609697295497,0.5339825552364024,0.9082908428499913
Total Europe,0.06764083879202445,0.08949657126857002,0.09515887071209407,0.09929067286742445,0.10045055786153377,0.1238048479025862,0.12247106684190702,0.11511870937041563,0.11711655690967446,0.12462957608518135,0.13340012064045476,0.1256853747793158,0.1293791440602562,0.13154732552777867,0.13214526302427765,0.14916209583345344,0.1533025587281932,0.1430427511981894,0.14623629291936674,0.14791371389892494,0.1292028703366449,0.15165889951437375,0.1476639713512471,0.15667418460053983,0.15784788745164144,0.2198473719654973,0.23213734998475485,0.2599218511351202,0.30130384329456306,0.33441251838994457,0.3718710335846086,0.3800569510499635,0.4742028126926642,0.5643916256281756,0.6277937353667199,0.7749958242155426,0.846586694914188,1.0286319024922568,1.188256080153812,1.4612745723635143,1.743849474005552,2.0450312277743663,2.495509171785073,2.922886859174154,3.5199375717739914,3.9327579196826634,4.751273911946959,5.5429740201344675,6.134347770073354,6.845060067486311,7.615480927547498,7.624904574819611,8.399555141349998,8.845509954914228,9.763804160673468
Azerbaijan,,,,,,,,,,,,,,,,,,,,,0.0,0.0,0.0,0.0,0.0,0.0,0.0,0.0,0.0,0.0,0.0,0.0,0.0,0.0,0.0,0.0,0.0,0.0,0.0,0.0,0.0,0.0,0.0,0.0,0.004175705621972607,0.001001777647426069,0.0,0.0,0.11452456382338419,0.15002375207303764,0.14808811959175983,0.2158419175449598,0.21737544977285858,0.2945009464379451,0.3528429113863928
Belarus,,,,,,,,,,,,,,,,,,,,,0.0,0.0,0.0,0.0,0.0,0.0,0.0,0.0,0.0,0.0,0.0,0.0,0.0,0.0,0.0,0.0,0.0,0.0,0.0,0.0009511519152979324,0.0009390340342860678,0.0026354458814724932,0.013409799055785668,0.057204959026137245,0.13909307968264312,0.2022996638424872,0.19114422311387955,0.18432535058916535,0.17391224483868345,0.17362489847218557,0.216909889149585,0.2575819397398553,0.34256933251248783,0.3536317035951663,0.3617995367097864
Kazakhstan,,,,,,,,,,,,,,,,,,,,,0.0,0.0,0.0,0.0,0.0,0.0,0.0,0.0,0.0,0.0,0.0,0.0,0.0,0.0,0.0,0.0,0.0,0.0,0.0,0.0,0.0,0.0,0.0,0.0,0.0,0.0,5.417736621517218e-05,0.0009494026858373593,0.0018518969973164421,0.004930703094686294,0.06520056706253494,0.12776308589179985,0.14336027389473324,0.15588477311639284,0.2334804907889319
Russian Federation,,,,,,,,,,,,,,,,,,,,,0.0,0.0,0.0,0.0,0.0,0.0017985202637202107,0.001823547665151509,0.0018365902777651884,0.0018767160140511765,0.0020916385536653196,0.002138289179653895,0.002145722569162705,0.0022695900177068344,0.0023137067959977135,0.002285108093183819,0.0031350737153850268,0.0044372938701597595,0.006777993400035036,0.013760989859673103,0.016544229576435403,0.016504461103270026,0.01753225118794477,0.016647510437029767,0.016570674800558446,0.017584218094180308,0.018143217540930654,0.0181903085848072,0.016392224537560438,0.01600608971631433,0.025866639200270977,0.03122530449969795,0.033440880495137736,0.037474276367951115,0.04124079672323067,0.054438599977174436
Turkmenistan,,,,,,,,,,,,,,,,,,,,,0.0,0.0,0.0,0.0,0.0,0.0,0.0,0.0,0.0,0.0,0.0,0.0,0.0,0.0,0.0,0.0,0.0,0.0,0.0,0.0,0.0,0.0,0.0,0.0,0.0,0.0001666391632738101,0.00042731429749571804,0.0008371601421306269,0.0017645263296067113,0.002853485099799758,0.003967693060893119,0.005325878912411572,0.00533575956988365,0.004738327284249859,0.004286904510887309
USSR,0.0,0.0,0.0,0.0,0.0,0.0,0.0,0.0,0.0,0.0,0.0,0.0,0.0,0.0,0.0,0.0,0.0,0.0,0.0,0.0,,,,,,,,,,,,,,,,,,,,,,,,,,,,,,,,,,,
Uzbekistan,,,,,,,,,,,,,,,,,,,,,0.0,0.0,0.0,0.0,0.0,0.0,0.0,0.0,0.0,0.0,0.0,0.0,0.0,0.0,0.0,0.0,0.0,0.0,0.0,0.0,0.0,0.0,0.0,0.0,0.0,0.0,0.0,0.0,0.0,0.0,0.0,0.000152487711892937,0.00035231342209124,0.0007990882670361998,0.0019046875974733227
Other CIS,,,,,,,,,,,,,,,,,,,,,0.0,0.0,0.0,0.0,0.0,0.0,0.0,0.0,0.0,0.0,0.0,0.0,0.0,0.0,0.0,0.0,0.0,0.0,0.0,0.0,0.0,0.003815932727074862,0.003943847805049427,0.002670202375080019,0.00621771419845725,0.005897449175807042,0.004150673677321254,0.00666116448328874,0.014382041975220758,0.03312136102308556,0.03947263737384689,0.03723187992057376,0.05059514079126732,0.0633719722799993,0.07175949352596489
Total CIS,0.0,0.0,0.0,0.0,0.0,0.0,0.0,0.0,0.0,0.0,0.0,0.0,0.0,0.0,0.0,0.0,0.0,0.0,0.0,0.0,0.0,0.0,0.0,0.0,0.0,0.0014251944629764311,0.0014493281521724675,0.0014669116799588976,0.001511964728124567,0.001685618836482289,0.0017332767836744202,0.0017307936372352663,0.0018348742143421699,0.001870452005326454,0.0018474615963902324,0.0025545823742468637,0.0035995227421133586,0.0054908059313183225,0.011110715627965482,0.013269737776920804,0.013191147387221581,0.014240857893657144,0.013765540873616334,0.015077059340152242,0.0183432584218823,0.02077423822485268,0.020063600687588,0.018873946962786898,0.019692959517531902,0.028637340549714008,0.03831057624332318,0.04684336799887126,0.05410570797920028,0.0603294669231014,0.07832211542447329
Iran,0.0,0.0,0.0,0.0,0.0,0.0,0.0,0.0,0.0,0.0,0.0,0.0,0.0,0.0,0.0,0.0,0.0,0.0,0.0,0.0,0.0,0.0,0.0,0.0,0.0,0.0,0.0,0.0,0.0,0.0,0.0,0.0,0.0,0.0,0.007142724805041408,0.007089728307230775,0.006164026990874062,0.005064632409851973,0.004485933649087324,0.006819411379949426,0.00967534371396076,0.015562392973210298,0.01624625201876549,0.021609031214040075,0.02419697660741478,0.023089954964933893,0.02359919059787933,0.02242695498510485,0.021639678692114195,0.02183387009624525,0.023171662243074178,0.024418001410434056,0.03315838409355541,0.03713909358221675,0.03990105378252785
Iraq,0.0,0.0,0.0,0.0,0.0,0.0,0.0,0.0,0.0,0.0,0.0,0.0,0.0,0.0,0.0,0.0,0.0,0.0,0.0,0.0,0.0,0.0,0.0,0.0,0.0,0.0,0.0,0.0,0.0,0.0,0.0,0.0,0.0,0.0,0.0,0.0,0.0,0.0,0.0,0.0,0.0,0.0,0.0,0.0,0.0,0.0,0.0,0.0,0.02425697401795926,0.03118648373569663,0.031089733262917137,0.026735094876626012,0.026967544496706186,0.02557620239281373,0.022942849265399037
Israel,0.0,0.0,0.0,0.0,0.0,0.0,0.0,0.0,0.0,0.0,0.0,0.0,0.0,0.0,0.0,0.0,0.0,0.0,0.0,0.0,0.0,0.0,0.0,0.0,0.0,0.0,0.0,0.0,0.0,0.0,0.0,0.0,0.0,0.0,0.0,0.0,0.011863812588269464,0.08415625433003289,0.08548813104494567,0.08581706598232113,0.08796679075645471,0.052449210068825386,0.044979167703739255,0.05234996046313404,0.11649744499882483,0.1747430923230854,0.2997872065574127,0.4397642708828662,0.5450441273898432,0.899639505647542,1.1427567850349976,1.506049789961196,1.4199103795256842,1.4543829689732315,2.305138980773246
Kuwait,0.0,0.0,0.0,0.0,0.0,0.0,0.0,0.0,0.0,0.0,0.0,0.0,0.0,0.0,0.0,0.0,0.0,0.0,0.0,0.0,0.0,0.0,0.0,0.0,0.0,0.0,0.0,0.0,0.0,0.0,0.0,0.0,0.0,0.0,0.0,0.0,0.0,0.0,0.0,0.0,0.0,0.0,0.0,0.0,0.0,0.0,0.0,0.0,0.00010292209229004022,0.0020090927650990354,0.0028576481991192263,0.02621979246240466,0.03784516141693226,0.04735768841111737,0.08702621599522459
Oman,0.0,0.0,0.0,0.0,0.0,0.0,0.0,0.0,0.0,0.0,0.0,0.0,0.0,0.0,0.0,0.0,0.0,0.0,0.0,0.0,0.0,0.0,0.0,0.0,0.0,0.0,0.0,0.0,0.0,0.0,0.0,0.0,0.0,0.0,0.0,0.0,0.0,0.0,0.0,0.0,0.0,0.0,0.0,0.0,0.0,0.0,0.0,0.0,0.0009651015702695179,0.0009636101582317703,0.0027956554872929297,0.0027829313198075266,0.002492504687664585,0.002260419495033718,0.002211104617097072
Qatar,0.0,0.0,0.0,0.0,0.0,0.0,0.0,0.0,0.0,0.0,0.0,0.0,0.0,0.0,0.0,0.0,0.0,0.0,0.0,0.0,0.0,0.0,0.0,0.0,0.0,0.0,0.0,0.0,0.0,0.0,0.0,0.0,0.0,0.0,0.0,0.0,0.0,0.0,0.0,0.0,0.0,0.0,0.0,0.0,0.0,0.0,0.07726216817595712,0.06766333997724869,0.06396755153581213,0.060561197481391396,0.05397930994118632,0.0558995169849431,0.057678761800432646,0.055367119445614565,0.05429418176240604
Saudi Arabia,0.0,0.0,0.0,0.0,0.0,0.0,0.0,0.0,0.0,0.0,0.0,0.0,0.0,0.0,0.0,0.0,0.0,0.0,0.0,0.0,0.0,0.0,0.0,0.0,0.0,0.0,0.0,0.0,0.0,0.0,0.0,0.0,0.0,0.0,0.0,0.0,0.0,0.0,0.0,0.0,0.0,0.0,0.0,7.499331282654599e-05,7.071410277666529e-05,0.0004304570193368141,0.0005026352697621623,0.002240487755561382,0.003674577494193382,0.003680801858778206,0.010860094034948524,0.010655524542142537,0.012698895068257785,0.031258671749141397,0.1438705915684086
United Arab Emirates,0.0,0.0,0.0,0.0,0.0,0.0,0.0,0.0,0.0,0.0,0.0,0.0,0.0,0.0,0.0,0.0,0.0,0.0,0.0,0.0,0.0,0.0,0.0,0.0,0.0,0.0,0.0,0.0,0.0,0.0,0.0,0.0,0.0,0.0,0.0,0.0,0.0,0.0,0.0,0.0,0.0,0.0,0.0,0.0,0.0017926111354513055,0.004929913521757998,0.0052186690169897815,0.005785608086270436,0.019586184513275127,0.07134072412344636,0.06461249527716381,0.06734572286386042,0.15130020879680292,0.2463168748124422,0.7707648981806728
Other Middle East,0.0,0.0,0.0,0.0,0.0,0.0,0.0,0.0,0.0,0.0,0.0,0.0,0.0,0.0,0.0,0.0,0.0,0.0,0.0,0.0,0.0,0.0,0.0,0.0,0.0,0.0008611854623104293,0.0008143018234997024,0.0007825217794853907,0.0007574636152106809,0.0007334138135973098,0.0006833824447767011,0.0006749664184122828,0.001856105437566255,0.0017491245907550494,0.0017361967016414916,0.003421039927910911,0.0044113706848308894,0.004223721048622718,0.0045261282876649265,0.004896558958935117,0.004014832647004576,0.004268443795899084,0.005705353305191806,0.006602619982806287,0.0058900384759589435,0.007227036566108305,0.008103221784142155,0.009551045690007278,0.014336720876332958,0.02542679908620677,0.15768848030556362,0.6844622348941437,1.007453185766482,1.5293090832094876,1.5708332808502659
Total Middle East,0.0,0.0,0.0,0.0,0.0,0.0,0.0,0.0,0.0,0.0,0.0,0.0,0.0,0.0,0.0,0.0,0.0,0.0,0.0,0.0,0.0,0.0,0.0,0.0,0.0,9.20805962636543e-05,8.816700110060332e-05,8.083491403032703e-05,7.849189178354549e-05,7.033259098329455e-05,6.796241458670868e-05,6.585012120350013e-05,0.0001885831499397682,0.00018551470923197096,0.0023085905895760764,0.0024577192626016355,0.0028323590216872024,0.005714839638914426,0.005537134034836249,0.006079895521403144,0.006859947161369983,0.0073722562822122846,0.007501970811670441,0.009282223511333211,0.012247512279910146,0.014074046875459451,0.021891100756041594,0.026466332597235118,0.03173223604003429,0.04830572017108742,0.06523480983959759,0.10457346024889637,0.13506035358700982,0.1788652954264305,0.3071589372315488
Algeria,0.0,0.0,0.0,0.0,0.0,0.0,0.0,0.0,0.0,0.0,0.0,0.0,0.0,0.0,0.0,0.0,0.0,0.0,0.0,0.0,0.0,0.0,0.0,0.0,0.0,0.0,0.0,0.0,0.0,0.0,0.0,0.0,0.0,0.0,0.0,0.0,0.0,0.0,0.0,0.0,0.0,0.0,0.0,0.0,0.0,0.005424537829462836,0.010110217033763434,0.013560210417261676,0.013636671806482148,0.026510767644800134,0.03154613484916715,0.10765504293907488,0.20969942836950237,0.22669314456598638,0.21951035840424024
Egypt,0.0,0.0,0.0,0.0,0.0,0.0,0.0,0.0,0.0,0.0,0.0,0.0,0.0,0.0,0.0,0.0,0.0,0.0,0.0,0.0,0.0,0.0,0.0,0.0,0.0,0.0,0.0,0.0,0.0,0.0,0.0,0.0,0.0,0.0,0.0062494359601649565,0.03964482187614074,0.0833536313927173,0.0968048561552934,0.12193899452135439,0.20369145325615934,0.1951897092375909,0.2191384446836718,0.22520235434699185,0.2947850315564019,0.3145150392028305,0.410137736568312,0.4867771886331159,0.48708454856891203,0.4245311155006576,0.30837886136760684,0.4964497522379047,0.6367748281718365,0.6349543285845674,0.8086218684658318,1.4838624052993448
Morocco,0.0,0.0,0.0,0.0,0.0,0.0,0.0,0.0,0.0,0.0,0.0,0.0,0.0,0.0,0.0,0.0,0.0,0.0,0.0,0.0,0.0,0.0,0.0,0.0,0.0,0.0,0.0,0.0,0.0,0.0,0.0,0.0,0.0,0.0,0.0,0.15152820116688379,0.44821316025273295,0.4095673875426773,0.42478121330671675,0.3634621211435413,0.34508809197202056,0.2984658486433538,0.4557706339282865,0.43872714142712793,0.5870799625459672,0.886620252501187,0.8808098339939021,0.9049242552901482,1.4634800574044298,2.269922445041267,2.91184655395244,3.8580139035784202,3.7143142477700795,4.96135495226933,5.899559343350565
South Africa,0.0,0.0,0.0,0.0,0.0,0.0,0.0,0.0,0.0,0.0,0.0,0.0,0.0,0.0,0.0,0.0,0.0,0.0,0.0,0.0,0.0,0.0,0.0,0.0,0.0,0.0,0.0,0.0,0.0,0.0,0.0,0.014635314598639655,0.03483101505795509,0.056098013376661725,0.046266308963548344,0.11418778735046782,0.10059159495604965,0.11179664273156473,0.09287679731014976,0.08083496689128328,0.09408780129975697,0.08798574586818955,0.09033002160879189,0.09027949858831867,0.0906207537790606,0.08127310712143333,0.09469284708555252,0.09850635932318087,0.13549022505543354,0.4713921900901733,1.1486384938290974,1.3835294625383587,1.8618987523619739,2.123438669219134,2.146009548591806
Eastern Africa,0.0,0.0,0.0,0.0,0.0,0.0,0.22703563835020293,0.21825911878434434,0.21505935081381303,0.21382946418141824,0.21418748061898346,0.2192431997147583,0.2209139300315543,0.23602298603876554,0.23761711367726376,0.2462061226791859,0.26485351635013565,0.29605264944216564,0.2851898236457409,0.29171985625153696,0.3331758433166878,0.8608738711840795,0.8551950296128498,0.7489252368559971,0.7279084029334072,0.8030253810019239,0.8467564048118511,0.8542400946995272,0.7893436795669186,0.6585149131304056,0.8054261505559076,0.980944818347754,0.9626419963423796,1.136387140473453,1.0988640164450796,1.4384486052046337,1.4133402370093016,1.2792002539781362,1.6397577534172283,1.7351059118039758,1.6468788437961186,1.6888026051803884,1.5518927440767616,1.647647607379827,1.8112187530211579,1.859814160835152,1.8112388458958084,1.9734014598292187,2.0470965393741776,2.505633853635846,3.290374623930121,3.3859848104409647,3.2795990543231706,3.44576083482384,6.25868669259854
Middle Africa,0.0,0.0,0.0,0.0,0.0,0.0,0.0,0.0,0.0,0.0,0.0,0.0,0.0,0.0,0.0,0.0,0.0,0.0,0.0,0.0,0.0,0.0,0.0,0.0,0.0,0.009628748439889258,0.027319877591576225,0.02664882916287891,0.026649339870577306,0.030862340011529668,0.030020595512043464,0.02321114754072752,0.023285060299447085,0.02416724148967199,0.023143310982771503,0.021199620376257444,0.01888194667266809,0.018647312918553295,0.01748678004042249,0.01600666718849234,0.01875213453583434,1.1924762108287306,0.15717255573725616,0.14477005314031582,0.13040247465646176,0.10794235446961283,0.10653343033824696,0.11081572708651649,0.11155017811299812,0.11384628156923858,0.046966226546865976,0.061246718384084534,0.06911580652972106,0.09020591705530064,0.08944120201797512
Western Africa,0.0,0.0,0.0,0.0,0.0,0.0,0.1113585286212166,0.10308887411244082,0.09185232612516735,0.0917351648440815,0.08512460234062394,0.06989954344914232,0.066189174797,0.06279790367145718,0.05406391196666167,0.05074076438420979,0.04978605311539104,0.047710894871016624,0.05176660008369419,0.057680260103093225,0.05389763377070229,0.05457189021569458,0.0534489233029672,0.0500534146417601,0.04753136486260352,0.05661871454565445,0.06830496865070579,0.07396164421789521,0.08530035519427487,0.10183214609807971,0.11635246907060177,0.11980389674639974,0.12134350692594574,0.12362671035068909,0.1278345688313542,0.1356807272752618,0.13146504122636274,0.12697261037600288,0.120532247307203,0.17952131396278925,0.1815281001218595,0.20380772706107808,0.1882066219449452,0.17074215893647987,0.1597981381630576,0.16920963530169839,0.1690452710242577,0.18670212559700042,0.22558087391311277,0.22955496611644283,0.2735556463915209,0.30056595279588744,0.35376000631510524,0.47127232739671193,0.4611257442027075
Other Northern Africa,0.0,0.0,0.0,0.0,0.0,0.0,0.0,0.0,0.0,0.0,0.0,0.0,0.0,0.0,0.0,0.0,0.0,0.0,0.0,0.0,0.0,0.0,0.0,0.0,0.0,0.0,0.0,0.0,0.0,0.0,0.0,0.0,0.0,0.0,0.0,0.025472521529744444,0.02597060678119017,0.03278247854046907,0.03926654323291658,0.04254536561839949,0.04100452354419418,0.036188623256328656,0.0421677996080265,0.03771741544307849,0.08079726386026319,0.11008311576123271,0.1243029568292277,0.1823630198235691,0.3000729471858682,0.4309023800878455,0.44959916296761665,0.5151458643401414,0.5251746208628005,0.5082115633578479,0.5623802213347834
Other Southern Africa,0.0,0.0,0.0,0.0,0.0,0.0,0.0,0.0,0.0,0.0,0.0,0.0,0.0,0.0,0.0,0.0,0.0,0.0,0.0,0.0,0.0,0.0,0.0,0.0,0.0,0.0,0.0,0.32570516333655464,1.2556598344549843,1.2714099131579186,1.52382933254963,1.6578978567862914,1.8063315058951288,1.637899579177772,1.7150081857379378,0.9850176036403129,1.0718856987427752,1.1457862114977166,1.0781903204275263,1.1306227837752343,1.0653521273631503,1.0159420096789855,1.000738014124539,0.9170605328107299,0.7811265160876093,1.2015282768198419,1.630918340331133,1.6287942515786105,1.536584521795084,1.2130010588367266,1.1837937766890438,1.2523454495077209,1.233543660251991,1.4111817396857194,2.0927085578670073
Total Africa,0.0,0.0,0.0,0.0,0.0,0.0,0.048096340152665784,0.045633409548287346,0.04342486098082633,0.042650491562622656,0.03960382932695103,0.03890494832060838,0.03779312264299865,0.03755025707614477,0.035304915629157,0.0338609655683594,0.03202815621935029,0.032476291504178405,0.030819627562274344,0.030365683717308477,0.0336039954793826,0.0803994125456251,0.0778832036039407,0.06909273030551183,0.06789013499412586,0.08157482226999527,0.08401998680158804,0.08642153674690495,0.09586573669920567,0.08385712538305345,0.100156913128846,0.1203604073239786,0.1300772690237872,0.158026642129482,0.15281694779071608,0.21387217912390288,0.23023796451187148,0.22482243549794817,0.24707958788959505,0.2718336776360937,0.2717256132843418,0.32342492808507867,0.28033114086701116,0.28957729651621833,0.3192290842875606,0.3703691574688252,0.40145931328940443,0.42316214068966174,0.47564925676537817,0.6551359854988915,1.0050957234012803,1.1646923799107074,1.3059283982245744,1.5006088314339932,2.039537437687512
Australia,0.20283883752919676,0.17741095134501855,0.17080975404317789,0.15661903429378807,0.14988906161134724,0.12760248590653284,0.12244569739536719,0.12466215607878468,0.14075997939351287,0.168020955074953,0.18838804012042473,0.18013565809117427,0.1521218010199645,0.1401362106109724,0.13914555873336484,0.12730094431764508,0.1324833753397606,0.1693157338698569,0.14112726102680614,0.13835989882383992,0.14197837341184094,0.13853700041598008,0.13786486191269862,0.20489275005928625,0.21658521319415877,0.19956576004444396,0.1917113665919855,0.1785689780051483,0.1747669207186484,0.1760906531297932,0.20355220124613085,0.22772225641673216,0.23482643341379808,0.2515206596325412,0.2585002840727741,0.22633452712656726,0.23705485975280288,0.378830511509048,0.49059824105711053,0.706682925300498,1.011269708248771,1.1740227941739927,1.51332022134485,1.8188157777281708,2.1305638642686597,2.6895955681845525,3.0879005021849424,3.33317752128309,3.7566115431638214,3.9361102153394105,4.306008375358536,4.493487169334339,4.815459312392206,5.763365273564736,6.578995315704088
Bangladesh,,,,,,,0.0,0.0,0.0,0.0,0.0,0.0,0.0,0.0,0.0,0.0,0.0,0.0,0.0,0.0,0.0,0.0,0.0,0.0,0.0,0.0,0.0,0.0,0.0,0.0,0.0,0.0,0.0,0.0,0.0,0.0,0.0,0.00017096608762230914,0.001442419296604348,0.0029251057263782903,0.00482289309988758,0.009106675893185066,0.013389104356240213,0.02147504953176968,0.0334649810034132,0.0535198643961955,0.0633315004942076,0.08841759303672643,0.11909758852382869,0.144797381687626,0.14472670192452375,0.15197916611144205,0.18557275387754865,0.1875351388753626,0.21977209854369884
China,0.0,0.0,0.0,0.0,0.0,0.0,0.0,0.0,0.0,0.0,0.0,0.0,0.0,0.0,0.0,0.0,0.0,0.0,0.0,0.0,0.0,0.0,0.0,0.0,0.0,0.002369952085762049,0.0024903452379744233,0.007788701265660502,0.009743287979513564,0.023388958926600638,0.09723097214745113,0.04156806774589569,0.07404322674592523,0.07188783377878616,0.07338179558891471,0.07417348637133325,0.07363158418925574,0.07262045155831158,0.07226592198869566,0.0869033066322015,0.13390633874131755,0.17264528789119205,0.21836488398803083,0.3490269071143962,0.5378855643402183,0.7370417397107479,0.9326388100670651,1.1588615271181193,1.4796409160107105,1.8022887492802995,2.0925320683200734,2.7094506447853957,3.5273487220092923,4.275669151820693,4.677204385730648
China Hong Kong SAR,0.0,0.0,0.0,0.0,0.0,0.0,0.0,0.0,0.0,0.0,0.0,0.0,0.0,0.0,0.0,0.0,0.0,0.0,0.0,0.0,0.0,0.0,0.0,0.0,0.0,0.0,0.0,0.0,0.0,0.0,0.0,0.0,0.0,0.0,0.0,0.0,0.0,0.0,0.0,0.0,0.0,0.0006491745105890219,0.0007557723931564742,0.000753139749993567,0.0009334961658017877,0.08907436296851973,0.15536511650955787,0.09078032217439971,0.12297777600312877,0.11097261579088352,0.09928422417468852,0.08964956854363618,0.08864505139389862,0.0832417059632626,0.09905131372248475
India,0.0,0.0,0.0,0.0,0.0,0.0,0.0,0.0,0.0,0.0,0.0,0.0,0.0,0.0,0.0,0.0,0.0,0.0,0.0,0.0,0.0,0.0,0.0,0.0,0.0,0.008242642344693612,0.023944910471966552,0.022755269818328868,0.0370439179044307,0.0579644230751508,0.10009387976736236,0.1486981198706128,0.16963775625475266,0.1925380590970017,0.24746619617849816,0.2532510541088984,0.31752029406475657,0.30618835690877255,0.36732729146573123,0.5424372228365458,0.5969007573699794,0.8357769681644582,0.9771291788246101,1.1403558676252261,1.2317261859518065,1.4111183156384381,1.6498664891325343,1.835648426197753,1.9867830956524157,2.081250470831874,2.0761117059025653,2.426509735277093,2.8621706353864234,3.314428422057874,3.5452807689731505
Indonesia,0.0,0.0,0.0,0.0,0.0,0.0,0.0,0.0,0.0,0.0,0.0,0.0,0.0,0.0,0.0,0.0,0.0,0.0,0.0,0.0,0.0,0.0,0.0,0.0,0.0,0.5119443834447837,0.4401666858170104,0.41410316420084187,0.39416929827314806,0.541566046503274,0.7012669611560581,0.6962000601961384,0.746594902632108,0.9154402265791889,1.005785777589843,1.1434202461141636,1.3292609807726197,1.308217720368569,1.218620070438848,1.2871477725054763,1.2386745851747376,1.2253553644319828,1.2218167933738888,1.4499298710502202,1.6476654300120013,1.513178893458964,1.4540363521104163,1.5223796681065045,1.6137153702010656,2.1697349836930635,1.744250104870728,2.7179426012033914,2.673609359380706,3.0843454525619474,4.390208219070908
Japan,0.0,0.0,0.0,0.0,0.0,0.020695674365761904,0.018871279082755175,0.01900429332734539,0.01747979911280598,0.021082009417201984,0.027166868735820644,0.025450793933255462,0.0366842548243963,0.05461005063363949,0.06982073227624733,0.07142569433247623,0.07542668277603137,0.6820495849619334,0.7521948248733256,0.7613142737003566,0.7925472377579142,0.8603782984305305,0.9037436740969674,0.9180646829877783,0.9464574165009916,0.6095166602864008,0.6111501468742943,0.6144752351442151,0.5917623353233918,0.6642160165855769,0.6785601617370742,0.7108875627479946,0.7541627457640375,0.7612023652229999,0.7671794364445712,0.7507352802963662,0.7630309064171162,0.8177544559223119,0.8887527145935076,0.9215971601641393,1.0931018574444835,1.1088628764867385,1.182536303936819,1.173336557724596,1.279486062916559,1.3683531982801578,1.4896768603963582,1.6419002130729623,1.9801925492514187,2.555928807377444,3.3648668631868737,3.40493755838766,4.007505213661297,4.702225012070922,5.8883022413484465
Malaysia,0.0,0.0,0.0,0.0,0.0,0.0,0.0,0.0,0.0,0.0,0.0,0.0,0.0,0.0,0.0,0.0,0.0,0.0,0.0,0.0,0.0,0.0,0.0,0.0,0.0,0.0,0.0,0.0,0.0,0.0,0.0,0.0,0.0,0.0,0.0,0.26006717917411293,0.25802786916946224,0.16885398124943551,0.15888160120141098,0.20493673014639677,0.19622363673243284,0.2061435185884272,0.2641380179096394,0.2785259401862689,0.41041194947534126,0.35931196937250726,0.4424145935557718,0.5043199356331486,0.4957102573941204,0.5325194309538628,0.6406616468755167,0.6169479065200114,0.6017784412169374,0.6568704466154593,0.7296992375675396
New Zealand,4.492870567664864,4.264015542979864,3.5289260403821667,3.9405201517637636,3.967292136830273,3.4177900763211326,3.226069932771374,3.0249766910745945,2.872612321845692,4.035638652258006,4.040729499606677,3.796319034042434,3.556356022352943,3.652221234585716,3.3469323207860606,3.539176060655491,3.4663317731255394,3.4110416902907135,3.317879613640385,3.4319056722376318,3.151965037843496,3.034301482613773,2.9670070368202044,2.868089806576608,4.073080225691235,3.978039979667971,4.160124218600584,4.1179499489366895,4.1721746570489895,3.7601060244284,3.547820325501625,3.430886235359292,3.552278379453097,4.039292512476447,4.309517999042152,4.441388217906429,4.253450252091322,3.9519428471574134,3.953209613430037,4.180371044367764,5.0928717512575234,5.334589404186278,5.9094852211985796,6.769216945811108,8.036684537313645,9.129187558123917,9.697842679678766,9.807316086695488,9.902496708694244,10.500370592904586,11.09898202127903,10.968385214747332,10.5468106845679,10.493394292438417,10.526071497661505
Pakistan,0.0,0.0,0.0,0.0,0.0,0.0,0.0,0.0,0.0,0.0,0.0,0.0,0.0,0.0,0.0,0.0,0.0,0.0,0.0,0.0,0.0,0.0,0.0,0.0,0.0,0.0,0.0,0.0,0.0,0.0,0.0,0.0,0.0,0.0,0.0,0.5360980769466042,0.48978568375009923,0.5166066805464918,0.5113763800844408,0.47188319216013586,0.0,0.0,7.46482615571271e-05,0.0005781536609708809,0.0019080317336667232,0.004759714642782471,0.009461063868825968,0.02471921249681196,0.1732526865334545,0.3435142926723004,0.5327607374962803,0.8068242949268503,1.0623354004108774,1.3264819340855538,1.7234176828064025
Philippines,0.0,0.0,0.0,0.0,0.0,0.0,0.0,0.0,0.0,0.0,0.0,0.0,0.0020383513302263128,0.005864355595970645,1.194700136002682,3.902915610142853,7.506230426399631,7.716642552178373,9.019462019912051,10.77027113929364,12.37729129825778,11.433127117279826,9.2507909735362,8.951798157065383,9.031536798340568,8.988566454120125,9.059611720454845,7.727859605381762,7.429393423052604,7.801855894021095,6.798516663427247,6.733982784120817,6.929463742382196,8.405627435675413,9.807284758310724,10.788831434529845,9.771003891008615,9.585003806026817,8.81903190022475,8.87708487175655,8.55298006943325,9.295625601156095,8.779148292587804,8.950943813330808,9.025882025320788,8.44268426365687,8.358422901417239,8.54569926093731,7.684281438794219,7.8571779370628025,8.195399492267235,8.397347802121047,7.514857503985842,7.471210221370443,7.415055826735857
Singapore,0.0,0.0,0.0,0.0,0.0,0.0,0.0,0.0,0.0,0.0,0.0,0.0,0.0,0.0,0.0,0.0,0.0,0.0,0.0,0.0,0.0,0.14334017189531617,0.13632165080158018,0.11782322021925318,0.10332984872883408,0.08646593095406045,0.24461637067618036,0.2280025564848254,0.20868869765413556,0.18246338157355715,0.1750222956401843,0.17344492163537648,0.16490356553237473,0.1626536705489856,0.16429624206318721,0.1536544889063337,0.25957477909725957,0.26252794095544224,0.2889195670974421,0.24817530659294487,0.23403445105828788,0.2096308089723048,0.2021486982541636,0.19937536541692816,0.1868986978509664,0.1929677348704958,0.19066518327912932,0.19917289421730383,0.21608236198165384,0.2234013775776601,0.23395504216660457,0.23165091874098312,0.22513324255515307,0.22281953161058615,0.23885443893245087
South Korea,0.0,0.0,0.0,0.0,0.0,0.0,0.0,0.0,0.0,0.0,0.0,0.0,0.0,0.0,0.0,0.0,0.0,0.0,0.0,0.0,0.0,0.0,0.0,0.0,0.0,0.0002615517054247453,0.0002311682186859338,0.00040976705955820473,0.0005604693362808874,0.0005195181841800371,0.039946661557482735,0.05827055277038491,0.010714009979812793,0.009058983591563718,0.012659105399476933,0.012371175027771027,0.012708580881060817,0.022710118183311475,0.02400269270059922,0.03991055887317083,0.047055933873879775,0.07415956581772096,0.12596794666241393,0.21665473474263225,0.3426966796169618,0.41640026537782737,0.42710178213363853,0.46623329504933947,0.5906721526372697,0.7449825458196682,0.9983589663571601,1.1940278929464418,1.5289019191953666,1.933246484721168,2.339546370434297
Sri Lanka,0.0,0.0,0.0,0.0,0.0,0.0,0.0,0.0,0.0,0.0,0.0,0.0,0.0,0.0,0.0,0.0,0.0,0.0,0.0,0.0,0.0,0.0,0.0,0.0,0.0,0.0,0.0,0.0,0.0,0.0,0.0,0.0,0.0,0.0,0.021123275383274926,0.02142879136440636,0.02496273274507872,0.028142200824139898,0.03061197855190673,0.03447722944889479,0.043590540606055994,0.04058344398783774,0.03922812624215265,0.06822111222823368,0.14263351803601904,0.3690133893585018,0.49611589615756796,0.6637443318350434,0.9983537532776939,1.3687970648506698,1.406405155845086,1.4599169868523676,1.812646177337441,1.9736649461518718,2.054279249322554
Taiwan,0.0,0.0,0.0,0.0,0.0,0.0,0.0,0.0,0.0,0.0,0.0,0.0,0.0,0.0,0.0,0.0,0.0,0.007812711305797856,0.0037964343386182172,0.002764585480956742,0.001995570294422743,0.0028197603351586193,0.0016371431873463047,0.0016387658131182105,0.15761568714257934,0.16192877944388923,0.17475317461325243,0.17691783011037762,0.14410101456253285,0.14437164740796507,0.1828081378221329,0.2018105558783271,0.16576099584184303,0.1860860840406769,0.20559719765115086,0.28356444024215177,0.35503616203807475,0.4283465118593083,0.4231173573039201,0.4139960773560328,0.421724892312972,0.4498531803114231,0.46890934701458276,0.5102699740247528,0.5437774747626786,0.5808934097075229,0.6873850755025044,0.6875500722061426,0.7470465091414942,0.7532331118357706,0.8286530133521189,0.8389438158260882,0.9750403387835815,1.1581560187763593,1.4821698252165303
Thailand,0.0,0.0,0.0,0.0,0.0,0.0,0.0,0.0,0.0,0.0,0.0,0.0,0.0,0.0,0.0,0.0,0.0,0.0,0.0,0.0,0.0,0.0,0.005773686932863986,0.03162144317255548,0.019654893725271537,0.019260408803650805,0.02068923666711373,0.013180405782547998,0.016328527446163327,0.025122453700322237,0.0644365169434448,0.08269171238009368,0.10359844886214607,0.1265628607617069,0.17117179377043557,0.19708497134953967,0.21895595117365332,0.2397126129288792,0.3599760843979042,0.5039786924905376,0.5244696367109314,0.5921226307393149,0.7519953200517974,1.0339073475639213,1.1845886365741236,1.3725661929739337,1.4981276896884685,1.8041124319738822,2.3873373466495975,2.863009687354267,3.0664327206002264,3.438619247439262,3.9050166687197767,4.374116925199025,5.182851886835414
Vietnam,0.0,0.0,0.0,0.0,0.0,0.0,0.0,0.0,0.0,0.0,0.0,0.0,0.0,0.0,0.0,0.0,0.0,0.0,0.0,0.0,0.0,0.0,0.0,0.0,0.0,0.0,0.0,0.0,0.0,0.0,0.0,0.0,0.0,0.0,0.0,0.0,0.0,0.0,0.0,0.0,0.03710397213860829,0.05244312397858857,0.0579890475341212,0.033302148204011166,0.04221211555086139,0.05091809002660655,0.04490290667394733,0.04293860911669921,0.05127928231776782,0.04719754344298566,0.07968957600597629,0.08279733928654136,0.09606941524920205,0.12026686380211822,1.0275662769811205
Other Asia Pacific,0.0,0.0,0.0,0.0,0.0,0.0,0.0,0.0,0.0,0.0,0.0,0.0,0.0,0.0,0.0,0.0,0.0,0.0,0.0,0.0005474224888755009,0.0,0.0,0.0,0.0,0.0,0.022743834273634862,0.0233658440459022,0.011419792158126817,0.011906215442255796,0.01238699450661073,0.012510899519391883,0.014491038653046125,0.003328102669217645,0.0041401129618524836,0.003891621652395197,0.006377099357003574,0.019530862420557345,0.023983151810162008,0.026145857391034467,0.03365300432714521,0.03938957855494267,0.04598716865328418,0.050180368045603656,0.05245881875196883,0.07141972713605674,0.07313769517011029,0.08402755087601176,0.11187303821260156,0.14524730089552998,0.18714450814922642,0.23665397696436796,0.2644497641917733,0.31653571925532165,0.3074446997668098,0.39120983648574126
Total Asia Pacific,0.08829520366079507,0.08096535954746441,0.06700231482395562,0.06884966265148068,0.061775209090774046,0.05995269988443593,0.05405969657583545,0.05193999122095477,0.049415559906500144,0.06580890972293628,0.06739433153100238,0.06266279305546635,0.06002905355526312,0.06252575724704505,0.07603167754735969,0.10502382819367474,0.14257059317169382,0.31911857076066713,0.3453737264580331,0.35259072975259637,0.3533768254395889,0.35340692561943143,0.33949138010377755,0.3425410960895887,0.35813313914762707,0.29347085183951255,0.2880488043986342,0.27874707255629777,0.2647228521226739,0.291383339034159,0.330851999363635,0.3206110055082767,0.34694377042967733,0.3758579335898717,0.40094821487289656,0.4238460706862264,0.42337488554995684,0.42233152261171053,0.4183321858959833,0.44286624446410133,0.48000744545344115,0.5249557883792301,0.5796304885426533,0.6926142507171418,0.8410272398850314,0.9927172201774103,1.1478338272155857,1.327153777863133,1.5825999693796777,1.871662427990536,2.119590936139538,2.5553788076053,3.137618357102097,3.723970961800211,4.19868050444144
Total World,0.13756694878214346,0.14203240714842136,0.1383282973595723,0.14255389198163496,0.13976412366059918,0.14568602195551228,0.15127666868377526,0.1544904620832116,0.15482791004438606,0.16123168528716827,0.16147355884449235,0.1694676735191208,0.17701649510718673,0.1866288518181499,0.1981912688236478,0.21617769092238037,0.22732452187486343,0.2688437363200639,0.3002244896827202,0.32494230391131335,0.3343228751046071,0.3713779867129776,0.3796379655353326,0.37885657485627916,0.4151232408900794,0.46160864642807414,0.48075464376198757,0.5026323855964728,0.5192715959145632,0.5404394960683176,0.5553934812488527,0.5483250086089573,0.5843441585989274,0.6123085826602873,0.6394062629173766,0.6691261981711744,0.6912694088542534,0.7606610297950233,0.7991561711217596,0.8748899518987527,0.9564647105692001,1.0690867582953945,1.2265974293446167,1.4602546437153059,1.7066862929490605,1.91677351414645,2.1455553556817955,2.4009427728346084,2.6846193134511047,2.9721573117344042,3.3287746263711857,3.6427586338665043,4.110571460373265,4.481884942441279,4.962581521828968
of which: OECD,0.16386863076832212,0.17191282791161863,0.16689166076927578,0.1731323395999203,0.17062058796840113,0.17474988199378733,0.17357576000953523,0.17799417996612327,0.18116738747411085,0.19452944850203155,0.198794390280318,0.20956620451943717,0.21529371783484363,0.22199723263934654,0.22863682341008898,0.2449255697507277,0.25878441073790576,0.3126541249358898,0.34113477082610305,0.3703619507658622,0.36910404909332023,0.4074220578697015,0.43037456959659787,0.4296682909780778,0.48125483356559856,0.5679702425431573,0.5960085072335711,0.6349752987279509,0.6611152659420507,0.6779965240769621,0.680289994841074,0.6632297129888866,0.7140205905321985,0.754712391008053,0.7840157595655579,0.8417019984807336,0.8911946710972917,1.0104872442436934,1.10756132767069,1.255666280848393,1.4247832607926798,1.6549804464883615,1.9268072793963322,2.3038086821773716,2.741694716707489,3.0553112256009785,3.5369375288945437,4.002427740986142,4.393615411465642,4.7901612903592135,5.325486627519217,5.6439171665273244,6.178262320873911,6.488002696562773,7.184372455527171
                 Non-OECD,0.07472619553327765,0.07161557926487008,0.07061444093326999,0.06867735627471937,0.06537576652808524,0.07738577470710514,0.1011148951889182,0.10209712834579995,0.09643416779360744,0.09175021898682058,0.08936766142756501,0.09201569285253984,0.10587587982858941,0.12306601015943906,0.14451688318691736,0.16803528708579385,0.17705762178855136,0.20310923046282173,0.2408253316694702,0.259175847139293,0.2843218384120615,0.32086594848727884,0.30962470072848675,0.3094140710482689,0.32502740520527323,0.31841172009584595,0.3252345338716434,0.32343680720082013,0.32396287108933497,0.3491289209697802,0.3800005365255883,0.38535165018397327,0.4002413613685431,0.4112764502154617,0.43664137382768586,0.4299416174520381,0.4251557635204296,0.43803872572898483,0.424032717735848,0.4407116578998914,0.4510341135646717,0.4703670355965295,0.5455075851193506,0.674817237216188,0.8057787568551207,0.9448647302097568,1.0300615095382226,1.1699059305079096,1.3929585454454778,1.6373165405681942,1.8761294440133156,2.2109435960397903,2.6516675351476238,3.0964325108479858,3.4827164985019614
                 European Union #,0.0691085753227228,0.09193066070795704,0.09696809000189505,0.10166430898265655,0.10295009256489156,0.12806010251068634,0.12724955178470423,0.11916624823860679,0.1212572438733262,0.1296959469561012,0.13904013640401416,0.13188274704064695,0.13529830529267922,0.13775802860972572,0.13522034933573407,0.15549216121996215,0.1554581414855949,0.14657938490144704,0.15056002085493625,0.15263187998283964,0.1524726693830338,0.1778340099689202,0.172322085774501,0.18357297174343606,0.18347320181367263,0.26207064552879217,0.27365854120033095,0.30355781265736365,0.3476615424154991,0.37958169407971165,0.4198842407444933,0.4266392240144895,0.5363556300351868,0.638294710983372,0.7065290583922529,0.8795155226772852,0.9544143022982587,1.1735023770907071,1.3585761409956454,1.68214770127662,2.0167383880585223,2.3644759181195014,2.8912872271917367,3.388086275933935,4.075309100657896,4.55312941807097,5.552317298031266,6.4968435828404045,7.130256809356139,7.951188797394515,8.790442615157335,8.75160898052043,9.57283808245306,9.983641053262021,10.960180535054064
